GoodStudent,Age,SocioEcon,RiskAversion,VehicleYear,ThisCarDam,RuggedAuto,Accident,MakeModel,DrivQuality,Mileage,Antilock,DrivingSkill,SeniorTrain,ThisCarCost,Theft,CarValue,HomeBase,AntiTheft,PropCost,OtherCarCost,OtherCar,MedCost,Cushioning,Airbag,ILiCost,DrivHist
False,Senior,Prole,Cautious,Older,,EggShell,,Economy,Normal,,False,Normal,True,Thousand,False,FiveThou,City,True,Thousand,,True,Thousand,Poor,False,Thousand,Zero
False,Adult,Middle,Adventurous,Older,,EggShell,,Economy,Normal,FiftyThou,False,Normal,False,Thousand,False,,Suburb,False,,Thousand,True,Thousand,Poor,False,Thousand,Zero
False,Adolescent,UpperMiddle,Cautious,Current,,Football,,FamilySedan,Poor,TwentyThou,True,SubStandard,False,Thousand,False,TenThou,Secure,True,Thousand,Thousand,True,Thousand,Excellent,True,Thousand,One
False,Adolescent,Prole,Adventurous,,,EggShell,,Economy,,FiftyThou,False,Normal,False,Thousand,False,FiveThou,City,False,TenThou,Thousand,True,Thousand,Poor,False,Thousand,
False,,UpperMiddle,Cautious,Older,,EggShell,,SportsCar,Excellent,,True,Expert,True,Thousand,False,FiveThou,Secure,True,Thousand,Thousand,True,Thousand,Fair,False,,Zero
False,Senior,Prole,Adventurous,Older,,EggShell,,,Poor,TwentyThou,False,SubStandard,False,Thousand,False,,City,False,Thousand,Thousand,True,Thousand,Poor,False,Thousand,
False,Adult,Prole,,Current,Mild,Football,Mild,Economy,,,False,Normal,False,Thousand,False,,City,False,Thousand,Thousand,False,Thousand,Good,True,Thousand,Zero
False,Adolescent,Prole,Adventurous,Older,Mild,EggShell,Mild,Economy,Poor,TwentyThou,False,Normal,False,Thousand,False,FiveThou,City,False,Thousand,Thousand,True,Thousand,Poor,False,Thousand,Zero
False,Adult,UpperMiddle,Normal,Current,,,,SportsCar,Normal,FiftyThou,True,Normal,False,,False,TwentyThou,Secure,True,Thousand,Thousand,True,Thousand,Good,True,Thousand,Zero
False,Senior,Prole,Normal,Older,,EggShell,,Economy,Normal,,False,,True,,False,FiveThou,Rural,False,TenThou,Thousand,False,Thousand,Fair,False,,One
False,Adult,Middle,Adventurous,Older,,Tank,,FamilySedan,Normal,FiftyThou,False,Normal,False,Thousand,False,TenThou,Suburb,False,Thousand,Thousand,True,Thousand,Excellent,False,Thousand,
False,,Prole,Normal,Older,Mild,,Mild,FamilySedan,,Domino,False,Expert,False,Thousand,False,FiveThou,,False,Thousand,Thousand,False,Thousand,Fair,False,,Zero
False,,Middle,Adventurous,Current,,Football,,,Excellent,TwentyThou,False,Expert,False,Thousand,False,TenThou,Rural,False,Thousand,Thousand,False,Thousand,Good,True,,
True,Adolescent,UpperMiddle,Adventurous,Current,,Football,Moderate,Economy,Poor,FiftyThou,False,SubStandard,False,HundredThou,False,TwentyThou,,False,,Thousand,True,,Fair,True,,Many
False,,Middle,Adventurous,Older,Mild,Tank,,FamilySedan,Poor,,False,SubStandard,False,,False,FiveThou,Suburb,False,TenThou,Thousand,True,Thousand,,False,Thousand,One
False,Adult,UpperMiddle,Normal,Older,,Tank,,FamilySedan,Normal,,False,Normal,False,Thousand,False,TenThou,Rural,True,TenThou,Thousand,True,Thousand,Excellent,False,Thousand,Zero
False,Adult,Prole,,,,Football,,FamilySedan,Poor,FiveThou,False,SubStandard,False,Thousand,False,TenThou,City,False,TenThou,Thousand,True,Thousand,Excellent,True,,Many
False,,UpperMiddle,,Current,,Tank,,,Normal,TwentyThou,True,,True,Thousand,False,FiftyThou,,True,Thousand,Thousand,True,Thousand,Excellent,True,Thousand,
True,Adolescent,UpperMiddle,Normal,,Moderate,Football,,,Poor,TwentyThou,True,,False,HundredThou,False,FiftyThou,Secure,True,HundredThou,Thousand,True,Thousand,Excellent,True,Thousand,Many
False,,Middle,Normal,Current,Mild,Football,,FamilySedan,Poor,,False,SubStandard,False,,False,TwentyThou,Rural,True,TenThou,Thousand,True,Thousand,Good,True,,Zero
False,Adult,,,Older,,,,FamilySedan,Excellent,,False,Normal,False,Thousand,False,FiveThou,Secure,True,Thousand,Thousand,False,Thousand,Fair,False,Thousand,Zero
False,Adult,Prole,Normal,Older,,EggShell,,,Excellent,TwentyThou,False,Expert,False,Thousand,False,TenThou,City,False,,,False,Thousand,Good,True,Thousand,
False,Adult,,Normal,,,,Mild,FamilySedan,,FiftyThou,False,SubStandard,False,,False,FiveThou,Suburb,False,Thousand,,True,Thousand,Good,False,Thousand,Many
False,Adult,Middle,Normal,Current,,Football,,FamilySedan,Normal,FiftyThou,True,Normal,False,Thousand,False,TwentyThou,Suburb,True,,,True,Thousand,Good,True,Thousand,Zero
False,Adult,Prole,,Older,,EggShell,,Economy,Excellent,FiftyThou,False,Expert,False,,False,FiveThou,City,True,,Thousand,False,Thousand,Poor,False,Thousand,Zero
True,,,Adventurous,Current,Mild,,Mild,FamilySedan,Poor,FiftyThou,False,SubStandard,False,Thousand,False,TwentyThou,Suburb,False,TenThou,Thousand,True,Thousand,Good,True,Thousand,Many
False,Adult,,,Older,,,,Luxury,Excellent,Domino,False,,False,,False,,City,True,Thousand,Thousand,True,Thousand,Excellent,True,Thousand,
False,Adult,Middle,Normal,Current,,Tank,,FamilySedan,Normal,,True,Normal,False,Thousand,False,TwentyThou,,True,,Thousand,True,Thousand,Excellent,True,Thousand,Zero
False,Adult,,Normal,Current,,EggShell,,,Poor,,False,SubStandard,False,Thousand,False,TenThou,City,False,Thousand,Thousand,False,Thousand,Poor,True,Thousand,
False,Adult,Prole,Adventurous,Older,Severe,EggShell,Severe,,,TwentyThou,False,SubStandard,False,TenThou,False,TenThou,,False,TenThou,Thousand,False,,Poor,False,HundredThou,Many
False,Senior,Middle,Normal,Older,,,Moderate,FamilySedan,Poor,Domino,False,SubStandard,False,Thousand,False,FiveThou,Secure,True,TenThou,TenThou,True,Thousand,Good,False,,Many
False,Senior,UpperMiddle,Cautious,Older,,Football,,FamilySedan,Excellent,,False,,True,Thousand,False,TenThou,,True,Thousand,Thousand,True,Thousand,Excellent,True,Thousand,
False,,UpperMiddle,Normal,Older,,Football,,Luxury,Normal,FiftyThou,False,Normal,False,,False,TenThou,Suburb,True,TenThou,Thousand,True,Thousand,Excellent,True,Thousand,Zero
False,Senior,UpperMiddle,,Current,,Football,,,Normal,TwentyThou,True,Normal,True,Thousand,False,FiftyThou,Secure,True,Thousand,Thousand,True,Thousand,Good,True,Thousand,
False,Adult,UpperMiddle,Normal,,,EggShell,,SportsCar,Normal,TwentyThou,True,Normal,False,Thousand,False,,Suburb,True,TenThou,Thousand,True,Thousand,Good,True,Thousand,Zero
False,Senior,Prole,Normal,,,Football,,Economy,Excellent,,False,,False,Thousand,False,FiveThou,,True,,Thousand,True,,Fair,False,Thousand,Zero
False,Adult,Prole,Adventurous,,,EggShell,,Economy,Excellent,TwentyThou,False,,False,Thousand,False,TenThou,City,False,Thousand,Thousand,False,Thousand,,False,Thousand,
False,Adult,Middle,Psychopath,Older,,Football,,FamilySedan,Normal,TwentyThou,False,Expert,False,,False,FiveThou,City,False,TenThou,Thousand,False,Thousand,Fair,False,,
False,Senior,UpperMiddle,Cautious,Current,,,,FamilySedan,Excellent,FiftyThou,False,Expert,True,Thousand,False,TwentyThou,Secure,True,,Thousand,True,,Excellent,True,Thousand,Zero
False,Adult,UpperMiddle,Adventurous,Current,,Football,,FamilySedan,,TwentyThou,False,Normal,False,Thousand,False,TwentyThou,City,False,TenThou,Thousand,True,Thousand,Good,True,Thousand,Zero
False,Adult,,Adventurous,Older,,EggShell,,,,FiftyThou,False,Normal,False,Thousand,False,FiveThou,Suburb,False,Thousand,Thousand,True,Thousand,Poor,False,Thousand,Zero
False,Senior,Prole,Normal,Older,,EggShell,,SportsCar,Normal,FiftyThou,False,Normal,False,Thousand,False,TenThou,,False,Thousand,Thousand,True,Thousand,Fair,False,Thousand,
False,Adult,Prole,Cautious,Older,,EggShell,,,,TwentyThou,False,Normal,False,Thousand,False,,,True,Thousand,Thousand,False,Thousand,Poor,True,Thousand,Zero
False,Senior,Wealthy,,,Mild,EggShell,Mild,SportsCar,Poor,Domino,True,SubStandard,True,,False,TwentyThou,Secure,True,TenThou,,True,Thousand,,True,Thousand,Many
False,,Prole,Cautious,,,EggShell,,Economy,Normal,TwentyThou,False,Normal,True,,False,TenThou,City,False,TenThou,Thousand,False,Thousand,,False,Thousand,Zero
False,,Middle,Normal,Older,,,,,Normal,Domino,False,,False,Thousand,False,FiveThou,,False,Thousand,Thousand,True,Thousand,Poor,False,,Zero
False,Senior,Prole,,Older,,,,SportsCar,Excellent,TwentyThou,False,Expert,True,Thousand,False,TwentyThou,Rural,True,Thousand,Thousand,False,,Poor,False,,Zero
False,Adult,Middle,Normal,Current,,Tank,,FamilySedan,,,True,SubStandard,False,Thousand,False,TwentyThou,Secure,False,TenThou,Thousand,True,,Excellent,True,Thousand,Many
True,Adolescent,UpperMiddle,,Older,Moderate,Tank,Severe,FamilySedan,Poor,,False,SubStandard,False,HundredThou,False,TwentyThou,,False,HundredThou,TenThou,True,Thousand,Good,False,,Many
False,Adult,Prole,Normal,Older,,EggShell,Severe,Economy,Poor,FiftyThou,False,SubStandard,False,TenThou,False,,,True,,TenThou,False,Thousand,,False,TenThou,Many
False,Senior,Prole,Cautious,Older,,Tank,,FamilySedan,,FiftyThou,False,Normal,True,Thousand,False,TenThou,City,True,,Thousand,True,Thousand,Good,False,Thousand,Zero
False,Adult,Middle,,Older,,Football,,FamilySedan,Poor,FiftyThou,False,Normal,False,Thousand,False,TenThou,Suburb,False,Thousand,Thousand,True,Thousand,Poor,False,Thousand,One
False,Adult,,Cautious,Older,,EggShell,,Economy,Normal,,False,Normal,False,Thousand,False,TenThou,City,True,Thousand,,False,Thousand,Poor,False,Thousand,Zero
False,Adolescent,Prole,Adventurous,Older,Mild,EggShell,,Economy,Poor,TwentyThou,False,Normal,False,,False,FiveThou,City,False,Thousand,Thousand,True,Thousand,Poor,False,Thousand,Many
False,,Prole,Normal,Older,Moderate,EggShell,Moderate,Economy,Poor,,False,,False,TenThou,False,FiveThou,City,False,HundredThou,,False,Thousand,Fair,True,Thousand,Many
False,Adolescent,Middle,Normal,,,EggShell,,,Normal,FiveThou,False,Normal,False,Thousand,False,FiveThou,Suburb,False,Thousand,Thousand,False,Thousand,Fair,False,Thousand,Zero
False,Adult,Prole,Normal,Older,,EggShell,,Economy,,TwentyThou,False,SubStandard,False,Thousand,False,FiveThou,Suburb,False,Thousand,Thousand,False,,Poor,False,,Many
False,Adult,UpperMiddle,Cautious,Current,,EggShell,,SportsCar,Normal,TwentyThou,True,Normal,False,Thousand,False,TwentyThou,Secure,True,TenThou,Thousand,True,Thousand,Fair,True,Thousand,Zero
False,Senior,Prole,,,Severe,EggShell,Severe,Economy,Poor,TwentyThou,False,SubStandard,False,TenThou,False,TenThou,City,False,TenThou,TenThou,True,HundredThou,,False,Thousand,
False,Adult,Prole,Normal,,,Football,,,Normal,TwentyThou,False,Normal,False,Thousand,False,FiveThou,,False,Thousand,Thousand,False,Thousand,Good,True,Thousand,Zero
False,Adult,UpperMiddle,Normal,Current,,Tank,,Luxury,Normal,FiftyThou,True,Normal,False,Thousand,False,FiftyThou,Secure,True,Thousand,Thousand,False,Thousand,Excellent,True,Thousand,Zero
False,Adolescent,Prole,Normal,Older,Mild,EggShell,Mild,Economy,Poor,TwentyThou,False,SubStandard,False,Thousand,False,FiveThou,Rural,False,Thousand,Thousand,False,,,False,Thousand,Many
False,Adult,Middle,Normal,Current,,Football,,FamilySedan,Normal,TwentyThou,True,Normal,False,Thousand,False,,Suburb,False,,Thousand,True,Thousand,Excellent,True,Thousand,
False,Adult,Prole,Normal,Older,,EggShell,,Economy,Normal,TwentyThou,False,Normal,False,,False,,City,False,Thousand,,True,Thousand,Poor,False,Thousand,
False,Adult,UpperMiddle,Normal,,,Tank,,Luxury,Excellent,Domino,True,Expert,False,Thousand,False,FiftyThou,Secure,True,Thousand,Thousand,True,Thousand,Excellent,True,Thousand,Zero
False,Senior,Prole,Cautious,Older,,EggShell,,Economy,Normal,,False,Normal,True,Thousand,False,TwentyThou,City,True,Thousand,Thousand,True,,Fair,False,Thousand,Zero
False,Adult,Middle,,Current,Moderate,EggShell,Moderate,Economy,,TwentyThou,False,SubStandard,False,Thousand,False,,Suburb,False,TenThou,Thousand,False,TenThou,Poor,True,TenThou,Many
False,Adult,,Normal,Older,Moderate,EggShell,Moderate,SportsCar,Poor,FiftyThou,False,SubStandard,False,TenThou,False,,Secure,False,TenThou,Thousand,False,Thousand,Poor,True,Thousand,Many
False,Adult,UpperMiddle,Normal,Current,,,,SportsCar,Normal,Domino,False,,False,Thousand,False,TenThou,Suburb,True,,Thousand,True,Thousand,Poor,True,Thousand,Zero
False,Adult,UpperMiddle,Normal,Current,Severe,Football,Severe,,Poor,FiftyThou,True,,False,HundredThou,False,FiftyThou,Suburb,True,HundredThou,Thousand,True,Thousand,Good,True,,Many
False,,Prole,Cautious,Older,,EggShell,,Economy,Poor,FiveThou,False,SubStandard,False,Thousand,False,TenThou,Rural,True,Thousand,Thousand,True,Thousand,Poor,False,,
False,Adolescent,Prole,Normal,Current,,EggShell,,Economy,,FiveThou,False,Normal,False,,False,,Rural,False,Thousand,,False,Thousand,Fair,True,Thousand,Zero
False,Senior,UpperMiddle,Cautious,,,Tank,,,Excellent,FiftyThou,True,Expert,True,Thousand,False,FiftyThou,Secure,True,Thousand,Thousand,True,Thousand,Excellent,True,Thousand,Zero
False,Adult,Middle,Adventurous,Current,,,,FamilySedan,Normal,FiveThou,True,Normal,False,,False,TwentyThou,,False,Thousand,Thousand,True,Thousand,Fair,True,Thousand,Zero
False,Adult,Prole,Adventurous,Older,,EggShell,,Economy,Excellent,FiftyThou,False,Expert,False,Thousand,False,FiveThou,,False,,Thousand,False,Thousand,Poor,True,Thousand,One
False,Adult,Prole,Normal,Older,,EggShell,,SportsCar,Normal,FiftyThou,False,,False,Thousand,False,FiveThou,City,False,TenThou,Thousand,True,Thousand,Poor,False,Thousand,Zero
True,Adolescent,Middle,,Older,,Tank,,,Poor,FiveThou,False,SubStandard,False,Thousand,False,TenThou,,False,Thousand,,False,Thousand,Excellent,False,,Many
False,,Middle,Normal,Current,Mild,EggShell,Mild,Economy,Poor,FiftyThou,False,SubStandard,False,Thousand,False,TenThou,Secure,True,Thousand,Thousand,False,Thousand,,True,Thousand,Many
False,Adult,Prole,Cautious,,,EggShell,,Economy,Normal,TwentyThou,False,Normal,False,Thousand,False,FiveThou,City,True,TenThou,Thousand,False,Thousand,Fair,False,Thousand,Zero
False,Adult,Prole,Adventurous,Older,,EggShell,,Economy,Poor,FiveThou,False,,False,Thousand,False,TenThou,City,False,Thousand,Thousand,True,Thousand,Poor,False,Thousand,
True,Adolescent,Middle,Normal,Older,Mild,EggShell,Mild,Economy,Poor,FiftyThou,False,SubStandard,False,,False,FiveThou,Suburb,True,TenThou,Thousand,True,Thousand,Poor,False,Thousand,Many
False,Adult,Middle,Normal,Current,,,Severe,SportsCar,Poor,TwentyThou,True,SubStandard,False,HundredThou,False,TwentyThou,Secure,False,,HundredThou,True,HundredThou,Poor,True,HundredThou,Many
False,,,,Older,,EggShell,,SportsCar,Excellent,FiftyThou,False,Expert,True,Thousand,False,FiveThou,City,True,Thousand,Thousand,True,Thousand,Good,True,Thousand,
False,Adult,UpperMiddle,Normal,Older,,EggShell,,,Excellent,FiftyThou,False,Expert,False,Thousand,False,FiveThou,Rural,True,,Thousand,True,Thousand,Poor,False,Thousand,Zero
False,Adult,Prole,,,Severe,Football,Severe,,Poor,FiftyThou,False,SubStandard,False,HundredThou,False,TwentyThou,City,False,HundredThou,TenThou,True,Thousand,Good,True,Thousand,Many
False,Adult,Middle,,Older,,Football,,FamilySedan,Normal,TwentyThou,False,Normal,False,Thousand,False,TwentyThou,Suburb,False,TenThou,Thousand,True,Thousand,Fair,False,,Zero
False,Adult,Prole,Normal,Older,,Football,,FamilySedan,Normal,FiftyThou,False,Normal,False,Thousand,False,,City,False,Thousand,Thousand,True,Thousand,,False,Thousand,Zero
False,Adult,Middle,Normal,Current,,,,,Normal,Domino,False,Normal,False,Thousand,False,TenThou,Suburb,True,Thousand,Thousand,True,Thousand,Poor,True,Thousand,Zero
False,Adult,Prole,Normal,,,EggShell,,Economy,Normal,,False,Normal,False,,False,TenThou,,False,Thousand,Thousand,False,Thousand,Poor,False,Thousand,Zero
False,Adult,Prole,Cautious,,Severe,EggShell,Severe,Economy,,FiftyThou,False,SubStandard,False,TenThou,False,FiveThou,City,True,TenThou,TenThou,False,HundredThou,Fair,False,HundredThou,Many
False,Adult,Prole,Cautious,,,Tank,,FamilySedan,Normal,TwentyThou,False,Normal,False,Thousand,False,,City,True,,Thousand,True,,Good,False,Thousand,
False,Senior,Prole,Cautious,,,Tank,,,,FiftyThou,False,Normal,True,,False,FiveThou,,False,,Thousand,True,Thousand,Excellent,False,Thousand,Zero
False,Adolescent,Middle,Normal,Current,,Football,,FamilySedan,Poor,FiveThou,False,SubStandard,False,Thousand,False,TwentyThou,Suburb,False,Thousand,Thousand,False,Thousand,,True,Thousand,
False,Adult,,Adventurous,Current,,Football,,Luxury,Normal,TwentyThou,True,,False,Thousand,False,FiftyThou,City,False,TenThou,Thousand,True,Thousand,Good,True,Thousand,Zero
True,Adolescent,,Adventurous,Older,,Football,,Luxury,Excellent,FiftyThou,False,Expert,False,Thousand,False,TwentyThou,Secure,True,,Thousand,True,Thousand,Good,True,Thousand,One
False,Senior,Prole,Normal,,,,,SportsCar,Normal,FiveThou,False,Normal,False,Thousand,False,FiftyThou,Rural,False,Thousand,,True,Thousand,Poor,False,Thousand,
False,Adult,Middle,Normal,Older,,Tank,,FamilySedan,Poor,TwentyThou,False,,False,Thousand,False,TwentyThou,Secure,True,,Thousand,True,Thousand,,False,Thousand,Many
False,Adult,Prole,Normal,Current,,Football,,FamilySedan,,TwentyThou,True,Expert,False,Thousand,False,TwentyThou,City,False,Thousand,Thousand,False,Thousand,Excellent,True,Thousand,
False,Adult,Prole,Normal,Older,,EggShell,,Economy,Normal,TwentyThou,False,Normal,False,Thousand,False,FiveThou,City,False,,,False,,Poor,False,Thousand,Zero
False,Senior,Wealthy,Cautious,Current,,,,SuperLuxury,,,True,SubStandard,True,Thousand,False,Million,Secure,True,TenThou,Thousand,True,Thousand,Excellent,True,Thousand,
False,Adult,Middle,Normal,Older,Moderate,,,Economy,Poor,FiftyThou,False,SubStandard,False,Thousand,False,FiveThou,Suburb,False,,Thousand,True,Thousand,,False,,One
False,Adult,Prole,,Older,,EggShell,,Economy,Poor,FiveThou,False,,False,Thousand,False,,,False,Thousand,Thousand,False,Thousand,Poor,False,Thousand,Many
False,,Prole,Normal,Older,,EggShell,,Economy,,FiftyThou,False,Normal,False,Thousand,False,FiveThou,Rural,False,,Thousand,False,,Fair,True,Thousand,Zero
False,Adult,Middle,Normal,Older,,EggShell,,SportsCar,Normal,,False,Normal,False,Thousand,False,,Secure,False,TenThou,Thousand,True,,Poor,False,,Zero
False,Adult,Middle,Normal,Older,Moderate,Tank,Moderate,,Poor,Domino,False,SubStandard,False,TenThou,False,FiveThou,Suburb,False,TenThou,Thousand,True,Thousand,Good,False,Thousand,Many
False,Adult,Middle,Normal,Older,,Football,,FamilySedan,Normal,TwentyThou,False,Normal,False,,False,,,False,Thousand,,True,Thousand,Fair,False,Thousand,Zero
False,Senior,UpperMiddle,Normal,Current,,EggShell,,SportsCar,Normal,FiftyThou,True,Normal,False,Thousand,False,TwentyThou,Secure,True,TenThou,Thousand,True,Thousand,Poor,True,Thousand,Zero
False,Adult,Middle,Adventurous,Older,,Tank,,FamilySedan,Normal,,False,Normal,False,Thousand,False,FiveThou,City,False,Thousand,Thousand,True,Thousand,Good,False,Thousand,Many
False,Adult,Middle,Normal,Current,,Football,,FamilySedan,,TwentyThou,False,Normal,False,,False,TwentyThou,Secure,True,Thousand,Thousand,True,Thousand,Excellent,True,Thousand,Zero
False,Senior,Middle,Adventurous,Older,,Tank,,FamilySedan,Poor,TwentyThou,False,SubStandard,False,,False,FiveThou,Suburb,False,Thousand,Thousand,True,Thousand,Excellent,False,Thousand,Many
False,Senior,UpperMiddle,Cautious,Current,,EggShell,,Luxury,Normal,Domino,True,Normal,True,Thousand,False,,Secure,True,Thousand,Thousand,True,Thousand,Poor,True,,Zero
False,Adult,,Adventurous,,,,Mild,FamilySedan,Poor,FiftyThou,False,Normal,False,,False,TenThou,,False,Thousand,Thousand,True,Thousand,Fair,False,,Zero
False,,Middle,Psychopath,Older,,,,Economy,Excellent,TwentyThou,False,Normal,False,Thousand,False,TenThou,,False,Thousand,,True,,,False,Thousand,Many
False,Senior,UpperMiddle,Adventurous,Current,,EggShell,,SportsCar,Poor,TwentyThou,True,Normal,False,Thousand,False,FiftyThou,Suburb,False,Thousand,,True,Thousand,Poor,True,Thousand,
False,Adult,,,Current,,Football,,,Poor,FiftyThou,False,SubStandard,False,Thousand,False,TenThou,City,False,,Thousand,True,Thousand,Good,True,,One
False,Adult,Prole,,Older,,EggShell,,Economy,Excellent,FiveThou,False,Normal,False,Thousand,False,TenThou,City,True,Thousand,Thousand,False,Thousand,Poor,False,,
False,Senior,Prole,,Older,,EggShell,,Economy,Normal,FiftyThou,False,Normal,True,Thousand,False,FiveThou,City,True,TenThou,Thousand,True,,Poor,False,Thousand,Zero
False,Adult,Middle,Adventurous,Current,,Tank,,FamilySedan,Poor,TwentyThou,True,SubStandard,False,Thousand,False,TwentyThou,Suburb,False,Thousand,,True,,Excellent,True,Thousand,Many
False,Adolescent,UpperMiddle,Adventurous,Current,,Tank,,FamilySedan,Normal,FiftyThou,False,Normal,False,Thousand,False,TwentyThou,,False,TenThou,Thousand,False,Thousand,Excellent,True,Thousand,
False,Adult,,Normal,Older,,Football,,FamilySedan,Normal,FiftyThou,False,Normal,False,,False,TenThou,Secure,True,Thousand,Thousand,False,Thousand,Fair,False,Thousand,Zero
False,,UpperMiddle,Psychopath,Current,,Tank,Mild,Luxury,Poor,FiftyThou,True,SubStandard,False,Thousand,False,FiftyThou,City,False,Thousand,,True,Thousand,,True,Thousand,Many
False,Adult,Prole,Adventurous,,,,,Economy,Excellent,TwentyThou,False,Normal,False,Thousand,False,TenThou,,False,,Thousand,True,Thousand,,False,Thousand,Many
False,Senior,Prole,Normal,Older,,Football,,FamilySedan,,TwentyThou,False,Expert,True,Thousand,False,TenThou,City,False,Thousand,,True,Thousand,Fair,True,Thousand,Zero
False,Adolescent,Prole,,Older,,EggShell,,Economy,Poor,FiftyThou,False,SubStandard,False,Thousand,False,FiveThou,City,False,Thousand,,False,,Poor,False,Thousand,Many
False,Adult,Middle,,Current,,EggShell,,,Poor,TwentyThou,True,SubStandard,False,Thousand,False,TenThou,Suburb,True,TenThou,Thousand,False,Thousand,Poor,True,Thousand,Many
False,Adult,Middle,Normal,Older,,Football,,FamilySedan,Normal,FiveThou,False,Normal,False,,False,,Suburb,False,,,True,Thousand,Good,True,,Zero
False,,Prole,Normal,,,EggShell,,,Normal,TwentyThou,False,Normal,False,Thousand,False,FiveThou,City,False,Thousand,Thousand,True,Thousand,Fair,False,Thousand,Zero
False,Senior,Prole,Cautious,,,EggShell,,Economy,Excellent,TwentyThou,False,Expert,True,Thousand,False,,City,True,Thousand,Thousand,False,Thousand,Fair,False,Thousand,Zero
False,Senior,Middle,Cautious,Older,,EggShell,,SportsCar,Excellent,FiftyThou,False,Expert,True,Thousand,False,TwentyThou,Secure,True,,Thousand,True,Thousand,Fair,True,Thousand,Zero
True,Adolescent,Middle,Adventurous,Current,,Football,,FamilySedan,Poor,TwentyThou,False,SubStandard,False,Thousand,False,TwentyThou,Suburb,False,,Thousand,True,Thousand,Good,True,Thousand,Many
False,Adolescent,UpperMiddle,Adventurous,Older,,Tank,,Luxury,Excellent,FiftyThou,False,,False,Thousand,False,FiftyThou,City,True,Thousand,Thousand,True,Thousand,Excellent,True,Thousand,
False,Adult,UpperMiddle,Normal,Current,Moderate,,Moderate,Luxury,Normal,Domino,True,,False,HundredThou,False,FiftyThou,Secure,False,HundredThou,HundredThou,True,Thousand,Good,True,Thousand,
False,Adult,Middle,Normal,Older,,,,FamilySedan,Normal,,False,Normal,False,Thousand,False,TenThou,,False,TenThou,Thousand,True,Thousand,Poor,True,Thousand,Zero
False,Adult,Prole,Adventurous,Older,,,,Economy,Poor,FiftyThou,False,SubStandard,False,Thousand,False,FiveThou,City,False,Thousand,Thousand,True,Thousand,Poor,False,Thousand,Many
False,Adult,Prole,Normal,Current,,Football,,Economy,Normal,,False,Normal,False,Thousand,False,TwentyThou,Suburb,False,TenThou,Thousand,False,Thousand,Good,True,Thousand,Zero
False,Senior,UpperMiddle,Cautious,Current,,Football,,,Excellent,FiftyThou,False,Expert,True,Thousand,False,TwentyThou,Secure,True,TenThou,Thousand,True,Thousand,Good,True,Thousand,Zero
False,Adult,Prole,Cautious,Older,Severe,EggShell,Severe,Economy,Poor,FiftyThou,False,SubStandard,False,TenThou,False,FiveThou,City,True,HundredThou,HundredThou,True,Thousand,Poor,False,Thousand,Many
True,Adolescent,Prole,Normal,Older,,Football,,Economy,Normal,TwentyThou,False,Normal,False,Thousand,False,FiveThou,City,False,Thousand,,True,Thousand,Good,True,,Zero
False,Adult,Middle,Adventurous,Older,,EggShell,,Economy,Normal,TwentyThou,False,,False,Thousand,False,FiveThou,City,False,TenThou,Thousand,True,Thousand,Fair,False,Thousand,
False,Adult,UpperMiddle,Adventurous,Current,,,,FamilySedan,,TwentyThou,True,SubStandard,False,Thousand,False,TwentyThou,Rural,True,Thousand,,True,Thousand,Good,True,Thousand,Many
False,,Prole,Normal,Older,,EggShell,,,Poor,TwentyThou,False,,False,Thousand,False,FiveThou,,False,Thousand,Thousand,True,,Poor,False,Thousand,Many
False,Adolescent,Middle,Normal,Older,,EggShell,,Economy,Normal,TwentyThou,False,Normal,False,Thousand,False,FiveThou,Secure,True,Thousand,Thousand,True,Thousand,Poor,False,Thousand,Zero
False,Senior,UpperMiddle,Normal,Older,Moderate,EggShell,Moderate,Economy,Poor,TwentyThou,False,,False,,False,TenThou,Rural,True,TenThou,TenThou,True,Million,,False,Thousand,Many
False,Adult,Prole,Normal,Older,,EggShell,,,Poor,TwentyThou,False,SubStandard,False,Thousand,False,TenThou,City,False,Thousand,Thousand,True,Thousand,Fair,False,Thousand,Many
False,Adult,Prole,Adventurous,Older,,Football,,FamilySedan,Excellent,TwentyThou,False,Normal,False,Thousand,False,FiveThou,,False,Thousand,Thousand,True,,,False,Thousand,One
False,Adult,Middle,Normal,,,Tank,,FamilySedan,Normal,Domino,False,Normal,False,Thousand,False,FiveThou,Suburb,False,TenThou,Thousand,True,Thousand,Excellent,False,Thousand,Zero
False,Adult,Middle,Normal,Older,,EggShell,,Economy,,TwentyThou,False,Normal,False,,False,FiveThou,Secure,False,Thousand,Thousand,True,Thousand,Poor,False,Thousand,Zero
False,Adult,Middle,Normal,Current,,,,FamilySedan,Excellent,,False,Expert,False,,False,,Suburb,False,Thousand,Thousand,True,Thousand,Excellent,True,Thousand,Zero
False,Senior,UpperMiddle,,,,Football,,,Poor,TwentyThou,True,SubStandard,False,,False,FiftyThou,Rural,True,Thousand,Thousand,True,,Good,True,Thousand,Many
False,,Prole,Adventurous,Older,,EggShell,,,Normal,TwentyThou,False,,False,Thousand,False,FiveThou,City,False,TenThou,Thousand,False,Thousand,Poor,False,,One
False,Adult,,Normal,Current,,Football,,FamilySedan,Normal,TwentyThou,False,Normal,False,Thousand,False,TwentyThou,Suburb,True,Thousand,Thousand,False,,,True,Thousand,Zero
False,Adult,Middle,,Current,,EggShell,Mild,FamilySedan,Poor,,False,,False,Thousand,False,TwentyThou,,True,,Thousand,False,Thousand,Fair,True,Thousand,Many
False,Adult,Middle,Cautious,Older,,Football,,Economy,Normal,TwentyThou,False,Normal,False,Thousand,False,FiveThou,,True,Thousand,Thousand,True,Thousand,Poor,False,Thousand,Zero
False,Adult,Middle,Normal,Older,,Tank,,FamilySedan,Excellent,FiftyThou,False,Expert,False,,False,FiveThou,Suburb,False,Thousand,Thousand,True,,Excellent,False,Thousand,Zero
False,Senior,Middle,,Older,,EggShell,,Economy,Normal,FiftyThou,False,,False,Thousand,False,FiveThou,Rural,False,TenThou,Thousand,True,Thousand,Poor,False,,
False,Adult,,Normal,Older,,,,,Excellent,TwentyThou,False,Expert,False,Thousand,False,TwentyThou,City,False,TenThou,Thousand,False,Thousand,Poor,False,Thousand,
False,Adult,Middle,Normal,Current,,,,FamilySedan,Normal,FiftyThou,False,,False,,False,,,False,TenThou,Thousand,True,Thousand,Excellent,True,Thousand,Zero
False,Adult,,,Older,,Tank,,FamilySedan,Normal,,False,Normal,False,Thousand,False,TenThou,Suburb,True,TenThou,Thousand,True,Thousand,Good,False,Thousand,Zero
False,Senior,UpperMiddle,Normal,Current,,Football,,Luxury,Poor,TwentyThou,True,SubStandard,False,Thousand,False,FiftyThou,,True,Thousand,Thousand,True,Thousand,Good,True,Thousand,One
False,Adolescent,Prole,Adventurous,Older,,Tank,,FamilySedan,Poor,TwentyThou,False,SubStandard,False,,False,TwentyThou,City,False,Thousand,Thousand,False,Thousand,Good,False,Thousand,Many
False,Adult,Prole,Adventurous,Current,,EggShell,,Economy,Excellent,FiftyThou,False,Normal,False,Thousand,False,TenThou,Rural,False,Thousand,Thousand,True,Thousand,Poor,True,,Zero
False,Adolescent,Middle,Adventurous,Older,,,Severe,FamilySedan,Poor,TwentyThou,False,SubStandard,False,Thousand,False,FiveThou,Secure,False,TenThou,TenThou,True,,Good,False,,Many
False,Adult,Prole,Adventurous,Older,,EggShell,,Economy,Excellent,FiveThou,False,Normal,False,,False,FiveThou,City,False,TenThou,Thousand,True,Thousand,Poor,False,Thousand,Zero
True,Adolescent,Middle,Normal,Older,,Tank,Mild,FamilySedan,Poor,,False,SubStandard,False,Thousand,False,,Secure,True,Thousand,Thousand,True,Thousand,Good,False,Thousand,One
False,Senior,UpperMiddle,Normal,,,EggShell,,SportsCar,Normal,,True,Normal,False,Thousand,False,TwentyThou,Suburb,True,Thousand,Thousand,True,,Poor,True,Thousand,One
False,Adult,UpperMiddle,Cautious,Older,,Football,,Luxury,Normal,TwentyThou,False,Normal,False,Thousand,False,FiftyThou,Secure,True,Thousand,Thousand,False,,Excellent,True,Thousand,
False,Adult,Prole,Normal,,,Tank,,FamilySedan,Normal,TwentyThou,False,Normal,False,Thousand,False,FiveThou,City,False,Thousand,Thousand,False,Thousand,Good,False,Thousand,Zero
False,Adult,Prole,,Current,Mild,Football,,FamilySedan,Poor,TwentyThou,True,SubStandard,False,Thousand,False,TwentyThou,City,False,TenThou,Thousand,False,Thousand,Good,True,,Many
False,Adult,UpperMiddle,Cautious,Current,,Tank,,Luxury,Normal,FiveThou,True,Normal,False,,False,FiftyThou,Secure,True,Thousand,Thousand,True,Thousand,Excellent,True,Thousand,Zero
False,Senior,Prole,Cautious,Older,,EggShell,,,Normal,TwentyThou,False,Normal,True,Thousand,False,FiveThou,City,True,Thousand,Thousand,True,Thousand,,False,Thousand,Zero
False,Adult,Middle,,Older,,Football,,,Excellent,,False,Expert,False,Thousand,False,TenThou,Suburb,False,Thousand,Thousand,True,Thousand,Poor,False,Thousand,Zero
False,Adult,Prole,Normal,Older,,,,Economy,Normal,,False,Normal,False,Thousand,False,TenThou,City,False,Thousand,Thousand,True,Thousand,Poor,False,Thousand,
False,,Prole,Adventurous,Current,,Football,,FamilySedan,Excellent,TwentyThou,False,Expert,False,Thousand,False,TenThou,City,False,Thousand,Thousand,False,Thousand,Excellent,True,,One
False,Adult,Prole,,Older,,Football,,Economy,Excellent,TwentyThou,False,Normal,False,Thousand,False,,Suburb,False,,,True,Thousand,Fair,False,Thousand,Many
False,Senior,,Adventurous,Current,,,,Luxury,Excellent,FiftyThou,True,Expert,False,Thousand,False,FiftyThou,City,True,Thousand,Thousand,True,,Excellent,True,Thousand,
False,Adolescent,Prole,,Older,Severe,EggShell,Severe,Economy,,TwentyThou,False,SubStandard,False,TenThou,False,,Rural,True,HundredThou,TenThou,False,Million,,False,Thousand,
False,Adult,UpperMiddle,,Current,,Football,,FamilySedan,Poor,,False,SubStandard,False,Thousand,False,TwentyThou,,True,TenThou,,True,Thousand,Fair,True,Thousand,Zero
False,Adult,Prole,Adventurous,Older,,EggShell,,,Normal,TwentyThou,False,Normal,False,,False,,City,False,Thousand,Thousand,True,Thousand,,False,Thousand,Zero
False,Adult,,Normal,Older,,EggShell,,Economy,,TwentyThou,False,Normal,False,Thousand,False,FiveThou,City,False,Thousand,Thousand,False,Thousand,Poor,False,Thousand,Zero
False,Adult,Middle,Normal,,,Football,,FamilySedan,Normal,FiveThou,False,Normal,False,Thousand,False,FiveThou,Secure,False,TenThou,Thousand,True,Thousand,Good,False,Thousand,Zero
False,Adult,Middle,Normal,,,Tank,,FamilySedan,Normal,FiftyThou,False,Normal,False,,False,FiveThou,Suburb,False,Thousand,Thousand,True,,,False,Thousand,
False,,UpperMiddle,Cautious,Current,,EggShell,,SportsCar,,,True,Normal,True,Thousand,False,TwentyThou,Secure,True,Thousand,Thousand,True,,Poor,True,,Zero
False,Adult,Middle,Normal,Older,,Football,,FamilySedan,Normal,FiftyThou,False,Normal,False,Thousand,False,FiveThou,Suburb,True,Thousand,Thousand,False,Thousand,Excellent,True,Thousand,
True,Adolescent,UpperMiddle,Adventurous,Current,,EggShell,,,Poor,TwentyThou,True,SubStandard,False,Thousand,False,,City,False,Thousand,Thousand,True,Thousand,Poor,True,Thousand,Many
False,Adolescent,Prole,,Older,Moderate,EggShell,Moderate,SportsCar,Normal,TwentyThou,False,,False,TenThou,False,TenThou,City,False,TenThou,Thousand,True,HundredThou,Poor,False,Thousand,
False,Adolescent,Middle,Adventurous,Current,Severe,Football,,FamilySedan,,FiftyThou,True,SubStandard,False,HundredThou,False,TwentyThou,City,False,,,True,Thousand,,True,Thousand,Many
False,Senior,UpperMiddle,,Current,,EggShell,,SportsCar,Excellent,FiveThou,True,,True,Thousand,False,TwentyThou,Secure,True,TenThou,Thousand,True,,Fair,True,Thousand,Zero
False,,Prole,Normal,Older,Severe,EggShell,Severe,Economy,Poor,TwentyThou,False,SubStandard,False,,False,FiveThou,City,False,,HundredThou,False,Thousand,Poor,False,Thousand,Many
False,,UpperMiddle,Cautious,Current,,Football,,Luxury,Normal,TwentyThou,True,Normal,True,,False,FiftyThou,,True,Thousand,Thousand,True,Thousand,Good,True,Thousand,Zero
False,Adolescent,UpperMiddle,Normal,Current,Moderate,EggShell,Mild,SportsCar,Poor,FiveThou,True,SubStandard,False,HundredThou,False,TwentyThou,Secure,True,Million,Thousand,True,Thousand,Poor,True,Thousand,Many
False,Adolescent,Prole,Adventurous,Older,,EggShell,,Economy,Excellent,FiftyThou,False,Expert,False,Thousand,False,FiveThou,City,False,Thousand,Thousand,False,Thousand,Fair,False,Thousand,
False,Adult,Prole,Normal,Older,,Football,,FamilySedan,Normal,TwentyThou,False,Normal,False,,False,TenThou,City,False,Thousand,,False,Thousand,Fair,False,,Zero
False,Adult,Middle,Normal,Older,,EggShell,,Economy,Normal,TwentyThou,False,,False,Thousand,False,TenThou,Suburb,True,Thousand,Thousand,True,Thousand,Poor,False,Thousand,
False,Adolescent,Middle,Normal,Older,Mild,,Moderate,FamilySedan,Poor,FiftyThou,False,SubStandard,False,Thousand,False,FiveThou,,False,TenThou,Thousand,True,Thousand,Excellent,True,Thousand,Many
False,Adolescent,Prole,Normal,,Moderate,EggShell,Moderate,Economy,Poor,FiftyThou,False,SubStandard,False,Thousand,False,FiveThou,City,False,Thousand,,False,Thousand,Poor,False,Thousand,Many
False,Senior,,Adventurous,Older,,Football,,FamilySedan,Excellent,FiftyThou,False,Normal,False,Thousand,False,FiveThou,City,False,Thousand,,False,Thousand,,False,Thousand,One
False,Adolescent,Prole,,Older,Moderate,EggShell,Moderate,Economy,Poor,Domino,False,SubStandard,False,TenThou,False,FiveThou,City,False,TenThou,Thousand,True,Million,Fair,False,Thousand,Many
False,Adult,Middle,Normal,Older,,Football,,FamilySedan,Normal,FiftyThou,False,Normal,False,Thousand,False,FiveThou,Suburb,True,TenThou,Thousand,True,,Poor,False,Thousand,Zero
False,Adult,Prole,,Older,,EggShell,,Economy,,FiftyThou,False,Normal,False,Thousand,False,FiveThou,City,False,Thousand,Thousand,False,Thousand,,False,Thousand,Zero
False,Adolescent,Prole,Adventurous,Older,,Football,,Economy,Normal,FiftyThou,False,Normal,False,Thousand,False,FiveThou,City,False,Thousand,Thousand,True,Thousand,Fair,False,Thousand,One
False,Adult,Prole,Normal,Older,Mild,EggShell,Mild,Economy,Poor,TwentyThou,False,SubStandard,False,Thousand,False,FiveThou,City,True,Thousand,Thousand,True,Thousand,Poor,False,Thousand,Many
False,Adult,Prole,Normal,Current,,Football,,Economy,Normal,FiftyThou,False,Normal,False,Thousand,False,,City,False,TenThou,Thousand,False,,Excellent,True,Thousand,Zero
False,Adult,Prole,Adventurous,Older,,EggShell,,Economy,Excellent,TwentyThou,False,Normal,False,,False,,City,False,,Thousand,True,Thousand,Poor,False,Thousand,One
False,,Prole,,,,EggShell,,Economy,Normal,TwentyThou,False,Normal,False,,False,FiveThou,City,False,,Thousand,False,Thousand,Poor,False,Thousand,Zero
False,Senior,Prole,Normal,Older,Severe,EggShell,Severe,Economy,,TwentyThou,False,SubStandard,False,TenThou,False,FiveThou,City,False,HundredThou,TenThou,False,TenThou,Poor,False,TenThou,Many
False,Adult,UpperMiddle,Adventurous,Current,,,,Luxury,Normal,FiftyThou,True,Normal,False,Thousand,False,FiftyThou,City,False,Thousand,Thousand,True,Thousand,Excellent,True,Thousand,One
False,Adult,UpperMiddle,Cautious,Current,Moderate,EggShell,Moderate,FamilySedan,Poor,TwentyThou,False,SubStandard,False,HundredThou,False,TwentyThou,Secure,True,HundredThou,Thousand,True,HundredThou,Poor,True,Thousand,Many
False,Adult,Middle,Adventurous,Older,,,,FamilySedan,,,False,Normal,False,Thousand,False,FiveThou,,False,TenThou,Thousand,True,Thousand,Good,True,Thousand,
False,Adolescent,Middle,Adventurous,Older,,EggShell,,Economy,Normal,,False,Normal,False,Thousand,False,FiveThou,Suburb,False,,Thousand,False,Thousand,Fair,False,Thousand,Zero
False,Adult,Middle,,Current,,EggShell,,SportsCar,Excellent,FiftyThou,True,Expert,False,Thousand,False,TwentyThou,Secure,True,Thousand,Thousand,True,Thousand,Poor,True,Thousand,Zero
False,Adolescent,Middle,Adventurous,Older,Moderate,Football,Moderate,FamilySedan,Poor,,False,,False,TenThou,False,,Suburb,False,TenThou,,True,,,False,Thousand,Many
False,Senior,UpperMiddle,Cautious,Current,,Football,,,Normal,FiftyThou,False,,True,Thousand,False,TwentyThou,Secure,True,Thousand,Thousand,True,Thousand,Excellent,True,Thousand,One
False,Adult,Middle,Adventurous,Older,Severe,Football,Severe,FamilySedan,,FiftyThou,False,SubStandard,False,TenThou,False,FiveThou,Rural,False,HundredThou,HundredThou,True,Thousand,Fair,True,Thousand,Many
False,Adult,Middle,Normal,Older,,Football,,FamilySedan,Excellent,FiftyThou,False,Expert,False,Thousand,False,FiveThou,,True,Thousand,Thousand,True,Thousand,Fair,False,Thousand,Zero
False,Adult,UpperMiddle,Adventurous,Current,,Tank,,Luxury,,TwentyThou,True,Normal,False,Thousand,False,,Suburb,False,Thousand,Thousand,True,Thousand,Excellent,True,Thousand,Many
False,Senior,Prole,Normal,Older,,EggShell,,,Poor,TwentyThou,False,,False,Thousand,False,FiveThou,City,False,TenThou,Thousand,True,Thousand,Poor,False,Thousand,Many
False,Adult,Prole,Normal,,Mild,EggShell,Mild,,Poor,FiftyThou,True,SubStandard,False,Thousand,False,FiveThou,City,False,,Thousand,True,Thousand,Poor,True,Thousand,Many
False,Senior,Prole,Normal,Older,,EggShell,,Economy,Normal,FiftyThou,False,Normal,False,Thousand,False,,Rural,False,,,False,Thousand,Poor,False,Thousand,Zero
False,Adult,Prole,Adventurous,,Mild,EggShell,Mild,Economy,,,False,Normal,False,Thousand,False,,City,False,,Thousand,False,Thousand,,False,Thousand,One
False,Adult,UpperMiddle,Normal,Current,,Football,,FamilySedan,Normal,FiftyThou,False,Normal,False,Thousand,False,,Suburb,True,Thousand,Thousand,True,Thousand,Excellent,True,Thousand,Zero
False,,Prole,,Older,,,,Economy,,FiftyThou,False,Normal,False,,False,FiveThou,City,False,,Thousand,True,Thousand,,False,Thousand,Zero
False,Adult,Prole,Normal,Older,Severe,Tank,Severe,,Poor,FiftyThou,False,SubStandard,False,TenThou,False,FiveThou,,False,TenThou,TenThou,False,,Good,False,Thousand,One
False,Adult,Prole,Adventurous,Older,Severe,EggShell,Moderate,SportsCar,Poor,TwentyThou,False,SubStandard,False,TenThou,False,TenThou,City,False,TenThou,Thousand,False,Million,Fair,False,Thousand,Many
False,Adult,Prole,Adventurous,,Severe,Football,Severe,Economy,Poor,Domino,False,Normal,False,TenThou,False,FiveThou,City,False,HundredThou,TenThou,True,Thousand,Good,True,Thousand,Many
False,Senior,Middle,Normal,Older,Severe,,,,Poor,Domino,False,SubStandard,False,TenThou,False,,Suburb,True,HundredThou,TenThou,True,Thousand,Good,False,Thousand,Many
False,Senior,Prole,,Older,,EggShell,,Economy,Excellent,FiftyThou,False,Normal,True,Thousand,False,FiveThou,City,True,Thousand,,False,Thousand,Fair,False,,Zero
False,Senior,UpperMiddle,,Current,,Football,,FamilySedan,Normal,Domino,True,Normal,True,,False,,Secure,True,Thousand,Thousand,True,Thousand,Good,True,Thousand,Zero
False,Adult,Middle,Cautious,Older,,Tank,,FamilySedan,,TwentyThou,False,Normal,False,Thousand,False,,Rural,True,TenThou,Thousand,False,Thousand,,False,Thousand,
False,Senior,Prole,Cautious,Older,,EggShell,,SportsCar,Excellent,FiftyThou,False,Expert,True,Thousand,False,FiveThou,Rural,True,,Thousand,False,Thousand,Poor,False,Thousand,Zero
False,,,Adventurous,Older,,Tank,,FamilySedan,Excellent,TwentyThou,False,Expert,False,Thousand,False,TenThou,City,False,TenThou,Thousand,True,Thousand,Excellent,False,Thousand,One
False,Adult,Middle,,,,Football,,FamilySedan,Normal,,False,Normal,False,Thousand,False,FiveThou,Suburb,False,Thousand,Thousand,True,Thousand,Fair,False,Thousand,Zero
False,Adult,Middle,Normal,Current,,Football,,FamilySedan,Normal,TwentyThou,True,Normal,False,Thousand,False,TwentyThou,Suburb,False,Thousand,Thousand,True,,,True,Thousand,Zero
False,Adult,Prole,Adventurous,Older,,EggShell,,Economy,Excellent,,False,,False,Thousand,False,FiveThou,City,False,Thousand,Thousand,False,Thousand,Fair,False,Thousand,Zero
False,Adult,Middle,Adventurous,Older,,EggShell,,Economy,Normal,Domino,False,Normal,False,Thousand,False,FiveThou,Suburb,False,Thousand,Thousand,True,Thousand,Poor,False,Thousand,
False,Senior,Prole,Normal,Current,,Football,,Economy,Poor,FiftyThou,False,SubStandard,True,TenThou,False,,,False,TenThou,TenThou,False,Thousand,Good,True,HundredThou,Many
False,Adult,,,,,EggShell,,FamilySedan,,FiftyThou,False,SubStandard,False,Thousand,False,TwentyThou,Suburb,False,Thousand,Thousand,True,Thousand,Poor,True,Thousand,Many
False,Adult,Prole,Adventurous,Older,Mild,Football,Mild,,Poor,TwentyThou,False,SubStandard,False,Thousand,False,FiveThou,City,False,Thousand,Thousand,True,Thousand,Good,False,Thousand,Many
False,Senior,UpperMiddle,Normal,Current,,Football,,FamilySedan,Excellent,FiftyThou,True,Expert,True,Thousand,False,TwentyThou,Suburb,True,Thousand,Thousand,True,Thousand,Excellent,True,Thousand,Zero
False,,Prole,Normal,Older,,EggShell,,Economy,,FiftyThou,False,Normal,False,Thousand,False,FiveThou,City,False,Thousand,Thousand,False,Thousand,Fair,False,Thousand,Zero
False,Adult,Middle,Cautious,Older,,Football,,FamilySedan,Normal,FiveThou,False,Normal,False,Thousand,False,TenThou,Secure,True,Thousand,Thousand,True,Thousand,Fair,False,Thousand,Zero
False,Senior,Middle,,Older,,Football,,FamilySedan,Excellent,TwentyThou,False,Expert,True,Thousand,False,FiveThou,Rural,False,TenThou,Thousand,True,,Fair,False,Thousand,Zero
False,Adult,UpperMiddle,Normal,,,Football,,Luxury,Normal,TwentyThou,True,Normal,False,Thousand,False,FiftyThou,Secure,True,Thousand,Thousand,True,Thousand,Good,False,Thousand,Zero
False,Adolescent,Middle,,Older,,EggShell,,Economy,Poor,FiftyThou,False,,False,Thousand,False,FiveThou,Suburb,False,TenThou,Thousand,True,Thousand,Poor,False,Thousand,Many
False,,Middle,Normal,Older,,EggShell,,SportsCar,Normal,TwentyThou,False,Normal,False,Thousand,False,FiveThou,,False,TenThou,Thousand,True,Thousand,,False,Thousand,Zero
False,Adolescent,Prole,Adventurous,Older,Severe,EggShell,Severe,Economy,Poor,FiftyThou,False,Normal,False,TenThou,False,FiveThou,Rural,False,HundredThou,,True,Thousand,Fair,False,Thousand,Many
False,Adolescent,Middle,Adventurous,,,Tank,,FamilySedan,Normal,,False,,False,Thousand,False,FiveThou,Suburb,False,Thousand,Thousand,True,Thousand,Excellent,True,Thousand,Zero
False,Adult,Middle,Normal,,,Football,,FamilySedan,Normal,FiftyThou,False,Normal,False,Thousand,False,TwentyThou,Secure,False,Thousand,Thousand,True,Thousand,Good,True,Thousand,Zero
False,Adult,Middle,Adventurous,Current,,,,FamilySedan,Excellent,TwentyThou,False,Normal,False,Thousand,False,TenThou,City,False,TenThou,Thousand,False,Thousand,,True,,Zero
False,Adult,UpperMiddle,Normal,Current,,EggShell,,,Normal,TwentyThou,True,Normal,False,Thousand,False,FiftyThou,Secure,True,Thousand,Thousand,True,Thousand,Poor,True,Thousand,Zero
False,Adult,,Cautious,Older,,EggShell,,SportsCar,Normal,TwentyThou,False,Normal,False,Thousand,False,,City,True,Thousand,Thousand,True,Thousand,,False,Thousand,Zero
False,Adult,UpperMiddle,Cautious,Older,,Tank,,FamilySedan,Normal,FiftyThou,False,Normal,False,,False,,Secure,True,Thousand,Thousand,True,,Excellent,False,Thousand,Zero
False,,UpperMiddle,Normal,Older,,EggShell,,SportsCar,Poor,TwentyThou,False,,False,Thousand,False,TenThou,Secure,True,Thousand,Thousand,True,Thousand,Poor,False,Thousand,
False,Adult,Middle,Normal,Older,,Tank,,FamilySedan,Normal,FiftyThou,False,Normal,False,Thousand,False,TwentyThou,,False,Thousand,Thousand,True,Thousand,Excellent,False,,Zero
False,,Prole,Cautious,,Severe,EggShell,,Economy,Poor,FiftyThou,False,SubStandard,False,TenThou,False,FiveThou,,True,TenThou,TenThou,False,Million,Poor,False,Thousand,
False,Adolescent,Prole,Adventurous,Older,,Football,Moderate,Economy,Poor,Domino,False,SubStandard,False,,False,FiveThou,City,False,TenThou,TenThou,True,Thousand,Good,False,Thousand,Many
False,Adult,,Normal,Current,,EggShell,,SportsCar,Normal,FiveThou,True,Normal,False,Thousand,False,TwentyThou,Secure,True,Thousand,Thousand,True,Thousand,,True,Thousand,
False,Adult,UpperMiddle,,,,Football,,FamilySedan,Excellent,FiftyThou,True,Normal,False,Thousand,False,TwentyThou,Suburb,False,,Thousand,True,Thousand,,True,Thousand,One
False,Adult,Prole,Adventurous,Older,,EggShell,,Economy,Excellent,,False,Expert,False,Thousand,False,FiveThou,City,False,TenThou,Thousand,False,Thousand,,False,Thousand,Zero
False,,Prole,,,,,,Economy,Normal,FiftyThou,False,Normal,False,Thousand,False,,City,False,Thousand,Thousand,False,Thousand,Poor,False,Thousand,Many
False,Adult,UpperMiddle,,Current,,Football,,Luxury,Normal,TwentyThou,True,,False,Thousand,False,FiftyThou,Secure,True,Thousand,Thousand,True,Thousand,Good,True,Thousand,Zero
False,Senior,Middle,Normal,Older,,EggShell,,,,FiftyThou,False,Normal,False,Thousand,False,,Secure,True,TenThou,Thousand,True,Thousand,Poor,False,Thousand,Zero
False,Adult,Prole,Normal,Older,,Football,Moderate,Economy,Poor,FiftyThou,False,SubStandard,False,Thousand,False,FiveThou,City,False,Thousand,Thousand,True,Thousand,Fair,False,Thousand,Many
False,Adolescent,,Normal,Older,,Tank,,FamilySedan,,,False,Normal,False,Thousand,False,TenThou,Secure,False,Thousand,Thousand,True,Thousand,Good,False,Thousand,Zero
False,Senior,UpperMiddle,Normal,,,EggShell,,Luxury,Normal,TwentyThou,True,Normal,False,Thousand,False,FiftyThou,Secure,True,TenThou,Thousand,True,,Fair,True,Thousand,Zero
False,,UpperMiddle,Adventurous,Current,,Football,Moderate,Luxury,,FiftyThou,True,Normal,False,HundredThou,False,FiftyThou,Secure,False,Million,HundredThou,True,Thousand,Excellent,True,Thousand,
False,,,Normal,,,Football,,FamilySedan,,TwentyThou,False,SubStandard,False,Thousand,False,TenThou,Secure,False,Thousand,,False,Thousand,Good,False,Thousand,Many
False,Adult,Middle,Cautious,Older,,Football,,FamilySedan,Poor,,False,SubStandard,False,Thousand,False,FiveThou,Secure,True,Thousand,,True,Thousand,Excellent,True,Thousand,Zero
False,,Middle,Adventurous,Current,,Football,Mild,Economy,Poor,FiveThou,False,SubStandard,False,Thousand,False,TenThou,,False,Thousand,Thousand,False,Thousand,Fair,True,Thousand,
False,Adult,UpperMiddle,Normal,Current,,Football,,Luxury,Normal,,True,Normal,False,Thousand,False,FiftyThou,Secure,True,Thousand,Thousand,True,Thousand,Good,True,,Zero
False,Senior,Prole,Cautious,Older,,EggShell,,SportsCar,Excellent,TwentyThou,True,Normal,True,Thousand,False,TwentyThou,Suburb,True,,Thousand,False,Thousand,Poor,False,Thousand,Zero
False,Adult,Prole,Adventurous,Older,Moderate,,Moderate,Economy,Poor,FiftyThou,False,Normal,False,TenThou,False,FiveThou,Rural,False,TenThou,Thousand,True,,Fair,False,Thousand,Many
False,Adult,Middle,,Older,,EggShell,,Economy,Excellent,Domino,False,Expert,False,Thousand,False,FiveThou,Suburb,False,,Thousand,False,,Poor,False,,One
False,Senior,Prole,Cautious,Older,,EggShell,,Economy,Excellent,FiftyThou,False,Normal,True,,False,FiveThou,City,True,,Thousand,False,Thousand,Poor,False,Thousand,
False,Adult,Middle,Normal,Older,,Tank,,FamilySedan,Normal,FiftyThou,False,Normal,False,,False,TenThou,Suburb,False,Thousand,Thousand,True,,Good,False,Thousand,Zero
False,Adolescent,Middle,Adventurous,Current,,Tank,,FamilySedan,Poor,TwentyThou,True,SubStandard,False,Thousand,False,TwentyThou,City,False,Thousand,Thousand,True,Thousand,Excellent,True,Thousand,Many
False,Adult,UpperMiddle,Normal,,,Tank,,FamilySedan,Poor,TwentyThou,False,SubStandard,False,,False,TwentyThou,Secure,True,TenThou,Thousand,True,Thousand,Excellent,True,Thousand,One
False,Adult,UpperMiddle,Normal,Current,,Football,,Luxury,Normal,TwentyThou,True,Normal,False,Thousand,False,FiftyThou,Suburb,True,TenThou,Thousand,True,Thousand,Good,True,,Zero
False,Senior,Wealthy,Normal,,,Football,,SuperLuxury,Normal,FiftyThou,True,,True,Thousand,False,Million,Secure,True,Thousand,,True,Thousand,Good,True,Thousand,Zero
False,Adult,Prole,Normal,Older,,EggShell,,Economy,Normal,FiftyThou,False,Normal,False,Thousand,False,FiveThou,City,False,Thousand,,True,Thousand,,False,Thousand,Zero
False,Adult,Prole,Cautious,Older,Mild,EggShell,Mild,,Poor,TwentyThou,False,SubStandard,False,Thousand,False,TwentyThou,City,True,TenThou,Thousand,True,Thousand,Fair,False,Thousand,Many
True,Adolescent,Middle,Adventurous,,,,,Economy,Poor,FiveThou,False,Normal,False,Thousand,False,TenThou,Suburb,False,Thousand,Thousand,True,Thousand,Fair,False,Thousand,One
True,Adolescent,Wealthy,Adventurous,Current,Mild,Football,Mild,FamilySedan,Poor,TwentyThou,True,Normal,False,Thousand,False,,Secure,False,TenThou,Thousand,True,Thousand,,True,Thousand,Zero
False,Senior,Prole,Normal,Older,,,,Economy,Excellent,,False,Expert,True,Thousand,False,FiveThou,City,False,Thousand,Thousand,False,,Poor,False,,Zero
False,Adult,Middle,Normal,Current,,Football,,FamilySedan,Normal,TwentyThou,False,Normal,False,,False,TwentyThou,Secure,False,Thousand,Thousand,True,Thousand,Good,True,,Zero
False,Adolescent,Prole,,,Mild,EggShell,Mild,Economy,Poor,FiftyThou,False,SubStandard,False,Thousand,False,FiveThou,City,False,,Thousand,False,Thousand,Poor,True,Thousand,Many
False,Adult,Middle,Adventurous,Older,,Tank,,,Normal,Domino,False,Normal,False,Thousand,False,FiveThou,City,False,Thousand,,True,Thousand,Good,False,,Zero
False,Adult,Prole,Normal,Older,,EggShell,,Economy,Normal,FiftyThou,False,Normal,False,Thousand,False,,City,False,,Thousand,False,Thousand,Poor,False,Thousand,
False,Senior,UpperMiddle,,Current,Moderate,,Moderate,FamilySedan,Poor,,False,SubStandard,True,HundredThou,False,TwentyThou,Secure,True,HundredThou,TenThou,False,,Good,True,Thousand,One
True,Adolescent,Prole,Normal,Older,Severe,Football,Severe,FamilySedan,,TwentyThou,False,SubStandard,False,TenThou,False,TenThou,City,False,TenThou,TenThou,True,TenThou,Good,False,Thousand,
False,Adult,Prole,Adventurous,Older,Severe,EggShell,,Economy,Poor,FiftyThou,False,SubStandard,False,TenThou,False,FiveThou,City,False,TenThou,,True,,Poor,False,Thousand,Many
False,Adult,Middle,Adventurous,Older,,Football,,FamilySedan,Normal,FiveThou,False,Normal,False,Thousand,False,TwentyThou,Suburb,False,Thousand,,True,Thousand,,False,,One
False,Adult,UpperMiddle,Normal,Current,,Tank,,FamilySedan,Excellent,TwentyThou,True,Expert,False,,False,TwentyThou,Suburb,True,Thousand,Thousand,True,Thousand,Excellent,True,Thousand,
False,,UpperMiddle,Normal,Current,,Football,,Luxury,Normal,TwentyThou,True,Normal,False,Thousand,False,FiftyThou,,True,Thousand,Thousand,True,Thousand,,True,Thousand,Zero
False,Adult,Middle,Normal,Current,Severe,EggShell,Moderate,FamilySedan,Poor,FiftyThou,True,SubStandard,False,,False,TwentyThou,Suburb,False,HundredThou,Thousand,True,Thousand,Poor,True,Thousand,Many
False,Adolescent,UpperMiddle,Adventurous,Current,,EggShell,,FamilySedan,Normal,,False,Normal,False,Thousand,False,TwentyThou,Suburb,False,Thousand,Thousand,True,Thousand,Poor,True,Thousand,Zero
False,Senior,Middle,Cautious,Older,,Football,,FamilySedan,Normal,FiftyThou,False,Normal,True,Thousand,False,TenThou,Secure,True,,Thousand,True,Thousand,Good,False,,Zero
False,Senior,UpperMiddle,,Current,,EggShell,,SportsCar,Excellent,TwentyThou,True,Expert,True,Thousand,False,TwentyThou,Secure,True,TenThou,Thousand,True,Thousand,Poor,True,Thousand,
False,Adult,Middle,,Older,,Tank,Mild,FamilySedan,Poor,Domino,False,SubStandard,False,,False,FiveThou,Secure,True,Thousand,,True,Thousand,,False,Thousand,One
False,Adult,Prole,Normal,Older,,EggShell,,Economy,Excellent,Domino,False,Expert,False,,False,FiveThou,City,False,,Thousand,False,Thousand,Poor,False,Thousand,Zero
False,Adult,Prole,Normal,Older,Severe,,Severe,FamilySedan,Poor,TwentyThou,False,SubStandard,False,TenThou,False,FiveThou,City,True,,HundredThou,True,,Good,True,Thousand,Many
False,Senior,Prole,Cautious,Older,,EggShell,,Economy,Excellent,TwentyThou,False,Expert,True,,False,FiveThou,Suburb,True,Thousand,Thousand,True,,Poor,False,Thousand,Zero
False,,Prole,Adventurous,Older,,EggShell,,Economy,,TwentyThou,False,Normal,False,Thousand,False,FiveThou,Rural,False,Thousand,Thousand,False,Thousand,,False,,One
False,Adult,UpperMiddle,Normal,Current,Severe,Football,,Luxury,Poor,FiftyThou,True,SubStandard,False,HundredThou,False,FiftyThou,,True,HundredThou,,True,Thousand,Good,True,Thousand,One
False,Adult,Prole,Normal,,,EggShell,,Economy,Normal,TwentyThou,False,Normal,False,Thousand,False,FiveThou,City,False,Thousand,Thousand,False,Thousand,Fair,False,Thousand,Zero
False,Senior,Prole,Normal,Older,,Football,,FamilySedan,Normal,,False,Normal,True,Thousand,False,,Suburb,False,,Thousand,False,Thousand,Good,True,Thousand,Zero
False,Adolescent,Prole,Cautious,Older,,EggShell,,Economy,Excellent,TwentyThou,False,Expert,False,Thousand,False,TenThou,Rural,True,TenThou,Thousand,False,Thousand,Poor,False,Thousand,Zero
False,Adult,Middle,Cautious,Older,,Football,,,Normal,TwentyThou,False,Normal,False,Thousand,False,FiveThou,Secure,True,Thousand,Thousand,False,,,False,Thousand,Zero
False,Adult,Middle,Normal,Current,,EggShell,,Economy,Normal,TwentyThou,False,,False,Thousand,False,,Secure,False,Thousand,Thousand,True,Thousand,Fair,True,Thousand,Zero
False,Adult,Prole,Normal,Older,,Tank,,FamilySedan,Normal,FiftyThou,False,Normal,False,Thousand,False,FiveThou,City,False,Thousand,Thousand,True,Thousand,Good,False,Thousand,Zero
False,,Prole,Normal,Older,,EggShell,,Economy,,FiftyThou,False,Expert,True,Thousand,False,FiveThou,City,False,Thousand,Thousand,True,,Poor,False,Thousand,Zero
False,Adolescent,Prole,Adventurous,Older,,,,Economy,Excellent,FiftyThou,False,Normal,False,Thousand,False,FiveThou,,False,Thousand,Thousand,False,Thousand,Poor,False,Thousand,Zero
False,Adult,UpperMiddle,,Current,,Football,,Luxury,Normal,FiftyThou,True,Normal,False,Thousand,False,FiftyThou,Secure,True,Thousand,,False,Thousand,,True,Thousand,Zero
False,,,Normal,,,Football,Severe,,,TwentyThou,False,SubStandard,False,TenThou,False,TenThou,Secure,False,HundredThou,TenThou,True,Thousand,Good,False,Thousand,Many
False,Senior,Prole,Normal,Current,,Football,,Economy,Normal,FiftyThou,False,Normal,False,Thousand,False,TenThou,City,False,Thousand,Thousand,False,Thousand,Good,True,Thousand,
False,Senior,Prole,,Older,,,,,Normal,FiveThou,False,Normal,False,Thousand,False,TwentyThou,,False,Thousand,Thousand,True,Thousand,Fair,False,,Many
False,Adult,Middle,Adventurous,Current,,EggShell,,SportsCar,,,False,,False,Thousand,False,TenThou,City,False,Thousand,Thousand,True,Thousand,,True,Thousand,
True,Adolescent,Middle,Normal,Older,,EggShell,,Economy,Normal,TwentyThou,False,Normal,False,Thousand,False,FiveThou,Suburb,False,Thousand,Thousand,False,Thousand,Fair,False,Thousand,One
False,Senior,UpperMiddle,Normal,Current,,Football,,Luxury,Normal,FiftyThou,True,Normal,False,Thousand,False,FiftyThou,Secure,True,Thousand,Thousand,True,Thousand,Good,True,Thousand,Zero
False,Adolescent,Middle,Normal,Older,,EggShell,,SportsCar,Normal,TwentyThou,False,Normal,False,Thousand,False,TwentyThou,Suburb,False,Thousand,Thousand,True,Thousand,Poor,False,Thousand,Zero
False,Adult,Prole,Adventurous,Current,,,,Economy,,TwentyThou,False,Normal,False,Thousand,False,TenThou,Rural,False,Thousand,Thousand,False,Thousand,Good,True,Thousand,Many
False,,Middle,Cautious,Older,,Tank,,FamilySedan,Normal,FiftyThou,False,Normal,False,,False,,Secure,True,Thousand,,True,Thousand,Excellent,False,,Zero
False,Adult,Prole,,Current,,Football,,Economy,Normal,TwentyThou,False,Normal,False,Thousand,False,TwentyThou,Suburb,False,Thousand,Thousand,False,Thousand,Excellent,True,Thousand,Zero
False,Adult,Prole,Cautious,Current,Severe,Football,Moderate,,Poor,FiftyThou,False,SubStandard,False,,False,TenThou,Suburb,True,HundredThou,TenThou,False,Thousand,,True,Thousand,Zero
False,Adolescent,Middle,Adventurous,Current,Moderate,Football,Moderate,FamilySedan,,FiftyThou,True,Normal,False,HundredThou,False,TwentyThou,Suburb,False,HundredThou,HundredThou,False,Thousand,Good,True,Thousand,One
False,Adult,Middle,Normal,Older,Severe,EggShell,Severe,,Poor,TwentyThou,False,,False,HundredThou,False,TwentyThou,Suburb,True,Million,,True,Thousand,,False,Thousand,One
False,Senior,Prole,Cautious,,,EggShell,,Economy,Normal,FiveThou,False,Normal,True,,False,,City,True,Thousand,Thousand,True,Thousand,Poor,True,Thousand,Zero
False,,Prole,Adventurous,Older,,EggShell,,Economy,Poor,TwentyThou,False,Normal,False,Thousand,False,,Rural,False,,Thousand,True,Thousand,Fair,False,,Many
False,Adult,Middle,Normal,Older,Mild,,Mild,Economy,Poor,TwentyThou,False,SubStandard,False,TenThou,False,TenThou,Suburb,True,TenThou,Thousand,True,Thousand,Fair,False,Thousand,Many
False,,Middle,Adventurous,Current,Moderate,Football,Moderate,FamilySedan,Poor,FiftyThou,False,SubStandard,False,HundredThou,False,TwentyThou,Suburb,False,Million,Thousand,True,Thousand,Good,True,TenThou,
False,Adult,,Normal,Older,,Tank,,FamilySedan,Normal,FiftyThou,False,Normal,False,Thousand,False,FiveThou,Secure,True,Thousand,Thousand,True,Thousand,Good,False,Thousand,
False,Senior,Prole,Normal,,,EggShell,,,Excellent,TwentyThou,False,,True,Thousand,False,FiveThou,City,False,Thousand,Thousand,False,Thousand,Fair,False,Thousand,Zero
False,Adult,Prole,Cautious,Older,,EggShell,,Economy,Normal,FiftyThou,False,Normal,False,Thousand,False,FiveThou,City,True,,Thousand,True,Thousand,Poor,False,Thousand,
False,Adolescent,Middle,Adventurous,Older,Mild,Tank,,FamilySedan,Poor,FiftyThou,False,SubStandard,False,Thousand,False,FiveThou,City,False,HundredThou,HundredThou,True,,Excellent,False,,Many
False,Adult,Prole,Cautious,Older,,EggShell,,Economy,Excellent,FiftyThou,False,Expert,False,Thousand,False,,Suburb,True,Thousand,Thousand,False,Thousand,Fair,False,Thousand,Zero
True,Adolescent,UpperMiddle,Normal,Older,,Tank,,,,FiveThou,False,SubStandard,False,Thousand,False,,,True,Thousand,Thousand,True,Thousand,Good,False,Thousand,Many
False,,UpperMiddle,Normal,Current,,EggShell,Severe,SportsCar,Poor,TwentyThou,True,,False,HundredThou,False,TwentyThou,Secure,True,HundredThou,TenThou,True,Thousand,Poor,True,Thousand,Many
False,Senior,Prole,Cautious,Older,Moderate,Tank,Severe,FamilySedan,,FiftyThou,False,SubStandard,False,TenThou,False,FiveThou,Suburb,True,HundredThou,,True,Thousand,Excellent,False,Thousand,Many
False,Senior,Prole,,Older,,EggShell,,Economy,Normal,TwentyThou,False,Normal,False,Thousand,False,FiveThou,City,False,Thousand,Thousand,False,Thousand,Fair,False,Thousand,Zero
True,Adolescent,Prole,Cautious,Older,,,,,Normal,,False,Normal,False,Thousand,False,FiveThou,City,True,Thousand,Thousand,True,Thousand,Fair,False,Thousand,One
False,Adult,Prole,,Older,Mild,EggShell,Mild,,,FiftyThou,False,Normal,False,Thousand,False,FiveThou,City,False,Thousand,Thousand,True,Thousand,Poor,False,,One
False,Adult,Prole,Normal,Older,,EggShell,,Economy,Excellent,FiftyThou,False,Expert,False,Thousand,False,FiveThou,City,False,Thousand,Thousand,True,Thousand,Fair,False,,
False,Adult,Prole,Normal,Older,,Football,,Economy,Normal,Domino,False,Normal,False,Thousand,False,FiveThou,City,False,Thousand,Thousand,True,Thousand,Fair,False,,Zero
False,,Middle,Normal,Older,Mild,,Moderate,FamilySedan,Poor,Domino,False,SubStandard,False,Thousand,False,FiveThou,Suburb,True,Thousand,Thousand,True,Thousand,Excellent,False,Thousand,Many
False,Adult,,Adventurous,Older,,EggShell,,Luxury,Excellent,FiftyThou,True,Normal,False,Thousand,False,FiftyThou,Suburb,True,Thousand,,False,Thousand,Poor,True,Thousand,
False,Adult,UpperMiddle,Cautious,Current,,Football,,Luxury,Normal,FiveThou,True,Normal,False,Thousand,False,FiftyThou,Secure,True,Thousand,Thousand,True,Thousand,Good,True,Thousand,Zero
False,Adult,Middle,Normal,Current,,,,SportsCar,Normal,,True,Normal,False,Thousand,False,TwentyThou,Suburb,False,Thousand,Thousand,False,Thousand,Fair,True,Thousand,Zero
False,Senior,UpperMiddle,Normal,Current,,EggShell,,SportsCar,Normal,Domino,False,Normal,False,Thousand,False,TwentyThou,Suburb,True,Thousand,Thousand,True,Thousand,Good,True,Thousand,Zero
False,Adult,Middle,Cautious,,,Football,,FamilySedan,Excellent,FiftyThou,False,Expert,False,Thousand,False,TwentyThou,Secure,True,TenThou,Thousand,True,Thousand,Good,True,Thousand,
False,Adult,Prole,Adventurous,Older,,,,Economy,,TwentyThou,False,Normal,False,Thousand,False,FiveThou,City,False,Thousand,Thousand,True,Thousand,,False,Thousand,One
False,Adult,Prole,Normal,Older,,EggShell,,Economy,Excellent,,False,,False,Thousand,False,FiveThou,,True,Thousand,Thousand,True,Thousand,Fair,False,Thousand,Zero
False,Senior,Prole,Cautious,,,EggShell,,SportsCar,Normal,FiftyThou,False,Normal,True,Thousand,False,FiveThou,Rural,True,Thousand,Thousand,True,Thousand,Poor,False,Thousand,Zero
False,Adult,,Normal,Older,,EggShell,,Economy,Normal,FiftyThou,False,Normal,False,Thousand,False,FiveThou,City,False,TenThou,Thousand,False,Thousand,Fair,False,Thousand,
False,Adolescent,UpperMiddle,Normal,Current,,,,SportsCar,Poor,FiveThou,True,SubStandard,False,Thousand,False,Million,Secure,True,TenThou,Thousand,True,Thousand,Good,True,Thousand,Many
False,Senior,UpperMiddle,,Current,,Football,,Luxury,Normal,FiveThou,True,Normal,True,Thousand,False,FiftyThou,Secure,True,TenThou,Thousand,True,Thousand,Good,True,Thousand,Zero
False,Adult,Prole,Normal,Older,Severe,EggShell,Severe,Economy,Poor,FiveThou,False,SubStandard,False,Thousand,False,,City,False,TenThou,TenThou,True,HundredThou,Poor,False,Thousand,Many
False,Adult,Prole,,Older,,Football,,Economy,Normal,FiftyThou,False,Normal,False,Thousand,False,FiveThou,City,True,Thousand,,False,Thousand,Fair,False,Thousand,Zero
False,,,Normal,Current,,EggShell,,Economy,,Domino,False,Normal,False,Thousand,False,TenThou,Suburb,True,Thousand,Thousand,True,Thousand,Fair,True,Thousand,Zero
False,Adult,Middle,Normal,Older,,EggShell,,,Normal,TwentyThou,False,Normal,False,Thousand,False,FiveThou,Secure,False,TenThou,Thousand,False,Thousand,Poor,False,Thousand,Zero
False,Adult,Prole,Normal,Current,Moderate,Football,Moderate,Economy,Poor,,False,SubStandard,False,TenThou,False,TenThou,Suburb,False,TenThou,Thousand,False,TenThou,Fair,True,,Many
False,Adult,Middle,Normal,,,EggShell,,Economy,Poor,TwentyThou,False,SubStandard,False,Thousand,False,TenThou,Suburb,False,TenThou,Thousand,True,Thousand,Fair,True,,One
False,Senior,Prole,Cautious,,,Tank,,,Excellent,TwentyThou,True,Normal,True,Thousand,False,TenThou,City,True,Thousand,Thousand,False,Thousand,Excellent,True,Thousand,Many
False,Adult,Middle,Normal,Older,,Football,,FamilySedan,Normal,FiveThou,False,Normal,False,Thousand,False,TwentyThou,Suburb,False,TenThou,Thousand,True,Thousand,Fair,False,Thousand,Zero
False,Adult,UpperMiddle,Normal,Current,,Football,,Luxury,Normal,FiftyThou,True,Normal,False,Thousand,False,FiftyThou,Suburb,True,Thousand,Thousand,True,Thousand,Good,True,Thousand,Zero
False,Adult,Prole,Normal,Current,,Football,,,Normal,TwentyThou,False,Normal,False,,False,TenThou,Suburb,False,Thousand,,True,Thousand,Good,True,Thousand,Zero
False,Senior,Prole,,Current,,EggShell,,SportsCar,,FiftyThou,True,Expert,True,,False,TwentyThou,City,True,Thousand,,False,,Fair,True,Thousand,Zero
False,,Prole,Cautious,Older,Severe,Football,Severe,FamilySedan,Poor,FiftyThou,False,SubStandard,False,TenThou,False,FiveThou,City,True,TenThou,TenThou,False,Thousand,Good,True,TenThou,Zero
False,Adult,Prole,Normal,Older,Severe,EggShell,Severe,Economy,,FiftyThou,False,SubStandard,False,,False,FiveThou,Rural,False,HundredThou,HundredThou,False,,Poor,False,Thousand,Many
False,Adult,Middle,,Older,Moderate,Football,Moderate,FamilySedan,Normal,Domino,False,Normal,False,TenThou,False,FiveThou,,False,HundredThou,HundredThou,False,Thousand,Fair,False,Thousand,Zero
False,,,Cautious,Older,Mild,Tank,Mild,FamilySedan,Normal,Domino,False,Normal,False,Thousand,False,FiveThou,Secure,True,Thousand,Thousand,True,Thousand,Excellent,False,Thousand,Zero
False,Adolescent,,Cautious,Older,Severe,EggShell,Severe,SportsCar,Poor,Domino,False,SubStandard,False,TenThou,False,FiveThou,Rural,True,HundredThou,HundredThou,True,,Poor,False,Thousand,Zero
False,Adult,Prole,Normal,Older,,EggShell,,Economy,Normal,,False,,False,,False,FiveThou,City,False,Thousand,,False,Thousand,Poor,False,Thousand,Zero
False,Adult,Middle,Cautious,Older,,Football,,FamilySedan,Normal,FiveThou,False,Normal,False,Thousand,False,TenThou,Secure,True,Thousand,Thousand,True,Thousand,Fair,False,Thousand,Zero
False,Adolescent,Prole,Adventurous,Older,,Tank,,FamilySedan,,FiveThou,False,,False,,False,TwentyThou,City,False,Thousand,Thousand,True,Thousand,Good,False,Thousand,Many
False,Adult,,Cautious,Older,,Tank,,FamilySedan,,TwentyThou,False,Normal,False,Thousand,False,FiveThou,Secure,True,Thousand,Thousand,True,Thousand,Good,False,Thousand,Zero
True,Adolescent,Middle,Normal,Older,Mild,,Mild,FamilySedan,Poor,,False,SubStandard,False,Thousand,False,FiveThou,Suburb,False,,Thousand,True,Thousand,,False,Thousand,
False,Adult,,,Older,,Tank,,FamilySedan,Excellent,FiftyThou,False,Expert,False,,False,FiveThou,Suburb,False,Thousand,,True,Thousand,Good,False,,One
False,Adult,Prole,Normal,Older,,EggShell,,FamilySedan,Normal,TwentyThou,False,,False,Thousand,False,TenThou,City,False,Thousand,,True,Thousand,Poor,False,,
False,Adult,Prole,,Older,,Tank,,FamilySedan,Normal,FiftyThou,False,Normal,False,Thousand,False,TenThou,City,False,Thousand,Thousand,True,Thousand,Good,False,Thousand,Zero
False,Adult,UpperMiddle,Normal,Current,,Football,,Luxury,Normal,TwentyThou,True,Normal,False,Thousand,False,FiftyThou,Suburb,True,Thousand,Thousand,True,Thousand,Excellent,True,Thousand,Zero
False,Adult,,,Older,,Tank,,FamilySedan,Normal,,False,Normal,False,,False,TwentyThou,Secure,False,TenThou,Thousand,True,Thousand,Excellent,False,Thousand,Zero
False,Senior,Prole,,Older,,,,FamilySedan,Excellent,Domino,False,Expert,True,Thousand,False,FiveThou,City,True,TenThou,Thousand,True,Thousand,Good,False,Thousand,Zero
False,Senior,UpperMiddle,Cautious,Current,,Football,,,,TwentyThou,True,Normal,True,Thousand,False,FiftyThou,Secure,True,,,True,Thousand,,True,Thousand,Zero
False,Senior,Prole,Normal,Older,Severe,EggShell,Severe,Economy,Poor,Domino,False,SubStandard,True,TenThou,False,FiveThou,City,False,HundredThou,HundredThou,False,HundredThou,,False,Thousand,Many
False,Senior,UpperMiddle,,Older,,Tank,,FamilySedan,Normal,FiveThou,False,Normal,False,Thousand,False,TenThou,Secure,True,Thousand,Thousand,True,Thousand,Excellent,False,Thousand,Zero
False,Senior,Prole,Cautious,Older,,Football,,FamilySedan,Excellent,FiftyThou,False,,True,Thousand,False,FiveThou,City,True,Thousand,Thousand,True,Thousand,Fair,False,Thousand,Zero
True,Adolescent,UpperMiddle,Normal,Current,,Tank,,Luxury,Normal,TwentyThou,True,,False,Thousand,False,FiftyThou,Suburb,True,Thousand,Thousand,True,Thousand,Excellent,True,Thousand,Zero
False,Senior,Prole,Cautious,Current,,,,Economy,Normal,FiftyThou,False,Normal,True,Thousand,False,TwentyThou,Rural,True,TenThou,Thousand,False,Thousand,Fair,True,Thousand,Zero
False,,,Normal,Older,,EggShell,,SportsCar,,FiftyThou,False,Normal,False,Thousand,False,FiveThou,Suburb,False,Thousand,Thousand,True,Thousand,Poor,True,Thousand,Zero
False,Senior,,Cautious,Current,,Football,,Economy,Excellent,,False,Normal,True,Thousand,False,TenThou,Secure,True,TenThou,Thousand,True,Thousand,Good,True,Thousand,Zero
False,Senior,Prole,,Older,,EggShell,,SportsCar,Normal,FiftyThou,False,,True,Thousand,False,FiveThou,Rural,True,Thousand,Thousand,True,Thousand,,False,Thousand,Zero
False,Adult,,Normal,Current,,EggShell,,SportsCar,Normal,FiftyThou,True,Normal,False,Thousand,False,,City,False,TenThou,,True,Thousand,Fair,True,Thousand,One
False,Adult,Prole,Normal,Older,,EggShell,,Economy,,FiveThou,False,Normal,False,Thousand,False,,City,False,Thousand,Thousand,True,Thousand,Poor,False,Thousand,Zero
False,,Prole,Normal,,,EggShell,,Economy,Normal,TwentyThou,False,Normal,False,Thousand,False,FiveThou,City,False,Thousand,Thousand,True,Thousand,Fair,False,,Many
False,,Middle,Normal,Current,,Football,,FamilySedan,Normal,TwentyThou,False,Normal,False,Thousand,False,TwentyThou,Suburb,False,TenThou,Thousand,False,Thousand,,True,Thousand,Zero
False,Senior,Middle,Normal,Older,,EggShell,,Economy,Excellent,FiftyThou,False,Expert,False,Thousand,False,FiveThou,Suburb,False,Thousand,Thousand,False,Thousand,Poor,False,Thousand,Zero
False,Adult,UpperMiddle,Adventurous,Current,Mild,Tank,Mild,,Poor,TwentyThou,True,SubStandard,False,Thousand,False,FiftyThou,Secure,False,Thousand,Thousand,True,Thousand,Excellent,True,Thousand,Many
False,Adolescent,Prole,Normal,Older,,EggShell,,Economy,Excellent,TwentyThou,False,,False,,False,TenThou,City,False,Thousand,Thousand,False,Thousand,Fair,False,Thousand,Zero
False,Senior,UpperMiddle,,Current,,Tank,,FamilySedan,Normal,TwentyThou,True,Normal,False,Thousand,False,TwentyThou,Secure,True,,Thousand,False,Thousand,Excellent,True,Thousand,Zero
False,Senior,,Cautious,Older,,EggShell,,SportsCar,,FiveThou,False,Normal,True,Thousand,False,TenThou,City,True,Thousand,Thousand,True,Thousand,Poor,False,Thousand,Zero
False,Adult,Prole,Cautious,Current,,,,Economy,Normal,Domino,False,Normal,False,Thousand,False,,City,True,Thousand,,False,Thousand,Good,True,Thousand,Zero
False,Adult,Prole,,Current,Severe,Football,Severe,Economy,,FiftyThou,False,Normal,False,,False,TenThou,Suburb,False,HundredThou,HundredThou,True,Thousand,Good,True,Thousand,Zero
True,Adolescent,Middle,Normal,Older,,Tank,Mild,FamilySedan,Poor,FiveThou,False,SubStandard,False,Thousand,False,TwentyThou,Suburb,False,,Thousand,True,,Good,False,Thousand,Many
False,Adult,Middle,Normal,Older,Severe,EggShell,Moderate,,Poor,FiftyThou,False,SubStandard,False,TenThou,False,FiveThou,Secure,True,TenThou,Thousand,True,HundredThou,,False,Thousand,Many
False,Adult,Middle,Normal,Current,Severe,EggShell,Severe,FamilySedan,,FiftyThou,False,Normal,False,TenThou,False,TenThou,Suburb,False,TenThou,Thousand,True,,Good,True,Thousand,Zero
False,Adolescent,Prole,Adventurous,,Moderate,EggShell,Moderate,Economy,Poor,TwentyThou,False,SubStandard,False,TenThou,False,FiveThou,City,False,HundredThou,TenThou,True,Thousand,Poor,False,TenThou,Many
False,Senior,Middle,,Older,,EggShell,,FamilySedan,Normal,FiftyThou,False,Normal,True,Thousand,False,FiveThou,Secure,True,Thousand,Thousand,True,Thousand,Poor,False,Thousand,Zero
False,Adult,Prole,Normal,Older,,EggShell,,SportsCar,Normal,TwentyThou,False,Normal,False,,False,,City,False,Thousand,Thousand,True,Thousand,Poor,False,Thousand,Zero
False,Senior,UpperMiddle,Cautious,Current,,Football,,,Excellent,FiftyThou,False,Normal,False,Thousand,False,TenThou,,True,TenThou,Thousand,True,Thousand,Fair,True,Thousand,Zero
False,Adolescent,Prole,Normal,Older,Moderate,Tank,Moderate,FamilySedan,Poor,FiftyThou,False,SubStandard,False,TenThou,False,FiveThou,City,False,TenThou,Thousand,True,,Good,False,,Many
False,Senior,UpperMiddle,Cautious,,,Tank,,FamilySedan,,TwentyThou,False,Normal,True,Thousand,False,TenThou,Secure,True,TenThou,Thousand,True,Thousand,,False,Thousand,Zero
False,Adult,Prole,Cautious,Older,,,,Economy,Normal,FiveThou,False,Normal,False,Thousand,False,TenThou,,True,,Thousand,False,Thousand,Poor,False,Thousand,
False,Senior,Middle,Cautious,Older,,Football,,Economy,Excellent,TwentyThou,False,Expert,True,Thousand,False,FiveThou,Secure,True,TenThou,Thousand,True,Thousand,Fair,False,Thousand,Zero
False,Adolescent,Prole,Normal,Current,,Football,,Economy,Normal,FiftyThou,False,Normal,False,Thousand,False,,Rural,False,Thousand,Thousand,False,Thousand,Good,True,,Zero
True,Adolescent,Middle,Normal,Older,,EggShell,,Economy,Poor,FiveThou,False,SubStandard,False,Thousand,False,FiveThou,Secure,False,Thousand,Thousand,True,Thousand,Poor,False,Thousand,Zero
False,,Prole,Normal,Older,,EggShell,,,Normal,,False,,False,Thousand,False,FiveThou,City,False,Thousand,Thousand,True,Thousand,Fair,False,Thousand,One
False,Senior,Middle,Cautious,Older,,Tank,,FamilySedan,Normal,,False,,True,Thousand,False,FiveThou,Secure,True,Thousand,Thousand,True,,Excellent,False,Thousand,Zero
False,Adult,Prole,Cautious,Older,,Football,,FamilySedan,Normal,TwentyThou,False,Normal,False,Thousand,False,FiveThou,City,True,Thousand,Thousand,True,Thousand,Fair,False,Thousand,Zero
False,Adult,Prole,Cautious,Older,,EggShell,,Economy,Excellent,FiftyThou,False,Expert,False,Thousand,False,FiveThou,City,True,,Thousand,False,Thousand,Fair,False,Thousand,
False,Adolescent,UpperMiddle,Adventurous,Current,Mild,,,,Poor,FiftyThou,True,SubStandard,False,Thousand,False,FiftyThou,Rural,False,TenThou,Thousand,True,Thousand,Excellent,True,,Many
False,Adult,Prole,Normal,Older,,EggShell,,,Normal,FiftyThou,False,Normal,False,Thousand,False,FiveThou,City,False,Thousand,Thousand,False,,Poor,False,Thousand,
False,,Middle,Normal,Older,,Football,,FamilySedan,Normal,TwentyThou,False,Normal,False,,False,TwentyThou,Suburb,False,TenThou,Thousand,True,Thousand,Poor,False,Thousand,Many
False,Senior,Prole,Cautious,Older,,,,Economy,Normal,FiftyThou,False,,True,Thousand,False,FiveThou,City,True,,,False,Thousand,Good,True,Thousand,Zero
False,Adult,Middle,Normal,Older,,Football,,FamilySedan,Normal,TwentyThou,False,Normal,False,Thousand,False,TenThou,Suburb,True,Thousand,Thousand,True,Thousand,Fair,False,Thousand,Zero
False,Adult,Prole,Cautious,,Mild,,Mild,Economy,Poor,FiftyThou,False,SubStandard,False,Thousand,False,TenThou,City,True,,Thousand,True,,Poor,True,Thousand,Many
False,Adult,,Normal,Older,,Tank,,FamilySedan,,,False,Normal,False,Thousand,False,FiveThou,Suburb,False,,,True,Thousand,Excellent,False,,Zero
False,Adult,,,Older,Severe,EggShell,Severe,Economy,Poor,FiftyThou,False,SubStandard,False,TenThou,False,FiveThou,City,False,HundredThou,HundredThou,True,Thousand,Fair,False,Thousand,Many
False,Adolescent,Middle,Adventurous,Older,Moderate,Tank,,FamilySedan,,FiveThou,False,SubStandard,False,HundredThou,False,TwentyThou,Suburb,False,HundredThou,TenThou,True,,Good,False,Thousand,Many
False,Senior,UpperMiddle,,Current,,,,Luxury,Poor,,True,,False,Thousand,False,FiftyThou,Secure,True,Thousand,Thousand,False,Thousand,Good,True,,
False,Adult,Prole,Normal,Older,,EggShell,,Economy,Normal,TwentyThou,False,Normal,False,Thousand,False,TenThou,City,False,Thousand,Thousand,True,Thousand,,False,,Zero
False,Adult,,Normal,Current,,,,Luxury,Normal,TwentyThou,True,Normal,False,,False,FiftyThou,Secure,True,Thousand,Thousand,True,Thousand,Good,True,,Zero
False,Adult,Prole,Cautious,Older,,EggShell,,SportsCar,Normal,TwentyThou,False,,False,Thousand,False,TwentyThou,City,True,TenThou,Thousand,False,Thousand,Poor,False,Thousand,Zero
False,Adolescent,Middle,Normal,Older,,,Severe,FamilySedan,,,False,SubStandard,False,Thousand,False,FiveThou,Suburb,True,HundredThou,HundredThou,False,Thousand,Excellent,True,Thousand,One
False,Adult,UpperMiddle,Normal,,,Tank,,Luxury,Normal,FiftyThou,False,Normal,False,Thousand,False,FiveThou,Secure,True,Thousand,Thousand,True,Thousand,Good,False,Thousand,Zero
False,Adult,Middle,Normal,,,Tank,,FamilySedan,Normal,Domino,False,Normal,False,Thousand,False,,Secure,True,Thousand,Thousand,True,Thousand,Good,False,Thousand,Zero
False,Adolescent,Prole,Adventurous,Older,Severe,EggShell,,Economy,Poor,TwentyThou,False,SubStandard,False,,False,FiveThou,City,False,TenThou,Thousand,True,Thousand,,False,Thousand,Many
False,Adult,UpperMiddle,,Current,,EggShell,,FamilySedan,Normal,FiftyThou,True,,False,Thousand,False,TwentyThou,Suburb,True,TenThou,Thousand,True,Thousand,,True,,Zero
False,Adult,Middle,Cautious,,,EggShell,,Economy,Excellent,TwentyThou,False,,False,Thousand,False,TenThou,Secure,True,Thousand,Thousand,True,Thousand,Poor,False,Thousand,Zero
False,Adult,Prole,Normal,Older,,Tank,,,,,False,Normal,False,Thousand,False,TenThou,City,False,Thousand,Thousand,True,Thousand,Good,False,Thousand,
False,Senior,UpperMiddle,Normal,Current,,Football,,Luxury,Normal,TwentyThou,True,Normal,True,Thousand,False,FiftyThou,Secure,True,TenThou,Thousand,True,,Good,True,Thousand,Zero
False,,UpperMiddle,,Current,,Football,,FamilySedan,Normal,TwentyThou,True,Normal,False,Thousand,False,TwentyThou,Secure,False,Thousand,,True,Thousand,Good,True,Thousand,Zero
False,Adult,Prole,Adventurous,Current,Severe,Football,Severe,FamilySedan,Poor,,True,Normal,False,HundredThou,False,TwentyThou,City,False,HundredThou,HundredThou,True,,Excellent,True,Thousand,Many
False,Adolescent,UpperMiddle,Normal,Current,,EggShell,,SportsCar,Normal,FiveThou,True,Normal,False,,False,TwentyThou,Secure,True,TenThou,Thousand,True,Thousand,,True,Thousand,Zero
False,,Middle,Adventurous,Older,Severe,EggShell,,Economy,Poor,FiftyThou,False,Normal,False,TenThou,False,FiveThou,Rural,False,HundredThou,HundredThou,True,,Fair,False,Thousand,Zero
False,Adult,Middle,Cautious,Older,,Football,,FamilySedan,Normal,FiftyThou,False,,False,Thousand,False,,Secure,True,TenThou,Thousand,True,Thousand,Good,True,,Zero
False,,Wealthy,Cautious,Current,,Tank,,SuperLuxury,,TwentyThou,True,Normal,False,Thousand,False,Million,Secure,True,Thousand,Thousand,True,,,True,Thousand,Zero
False,Adult,Middle,Normal,Older,Severe,Tank,,FamilySedan,Poor,,False,SubStandard,False,Thousand,False,FiveThou,Rural,False,HundredThou,HundredThou,True,Thousand,,False,TenThou,
False,Adolescent,Prole,Adventurous,Older,Moderate,Tank,,FamilySedan,Poor,FiftyThou,False,SubStandard,False,TenThou,False,,City,False,TenThou,,True,Thousand,Good,False,Million,Many
False,Senior,UpperMiddle,Cautious,Current,,,,Luxury,Excellent,TwentyThou,True,Normal,True,Thousand,False,FiftyThou,Secure,True,Thousand,Thousand,True,Thousand,Good,True,Thousand,Zero
False,Adult,,Adventurous,Current,,,Mild,Luxury,Poor,FiftyThou,True,Normal,False,Thousand,False,FiftyThou,Suburb,False,,Thousand,True,Thousand,Excellent,True,Thousand,Zero
False,Adult,UpperMiddle,Normal,Current,,Football,,Luxury,Normal,TwentyThou,True,Normal,False,Thousand,False,,Suburb,True,Thousand,Thousand,True,,Excellent,True,Thousand,
False,Adult,Prole,Cautious,,,EggShell,,Economy,Normal,FiftyThou,False,Normal,False,,False,,City,True,Thousand,Thousand,True,Thousand,Poor,False,Thousand,Zero
False,Adolescent,Middle,Normal,Current,,Football,,FamilySedan,Poor,FiftyThou,True,SubStandard,False,,False,TwentyThou,Suburb,True,Thousand,Thousand,True,Thousand,Good,True,,Many
False,Adult,Middle,Psychopath,Older,,EggShell,,Economy,Poor,,False,Normal,False,,False,,,False,Thousand,Thousand,False,Thousand,,False,Thousand,Zero
False,,Middle,Cautious,Current,,EggShell,,FamilySedan,Normal,TwentyThou,True,Normal,True,Thousand,False,TwentyThou,Secure,True,TenThou,Thousand,True,Thousand,Poor,True,Thousand,Zero
False,Adult,Middle,Normal,Older,,EggShell,,SportsCar,Normal,,False,Normal,False,Thousand,False,,,False,,Thousand,True,Thousand,Fair,False,Thousand,Zero
False,Adult,UpperMiddle,Normal,,,Football,,Luxury,Normal,FiftyThou,True,Normal,False,Thousand,False,FiftyThou,Suburb,True,Thousand,Thousand,True,Thousand,Excellent,True,Thousand,One
False,,Prole,Cautious,Older,,EggShell,,Economy,Excellent,FiveThou,False,Expert,True,Thousand,False,TenThou,City,True,Thousand,Thousand,True,Thousand,Poor,False,Thousand,Zero
False,Adolescent,,Normal,Older,,EggShell,,,Normal,FiftyThou,False,Normal,False,Thousand,False,FiveThou,City,True,,Thousand,True,Thousand,Poor,False,Thousand,Zero
False,Senior,Wealthy,Cautious,Current,,Tank,,Luxury,Normal,FiftyThou,True,Normal,True,Thousand,False,FiftyThou,Secure,True,Thousand,Thousand,True,,Excellent,True,Thousand,One
False,Adolescent,Prole,Normal,Older,,EggShell,,,Normal,,False,Normal,False,Thousand,False,FiveThou,Suburb,False,,Thousand,False,Thousand,Fair,False,Thousand,
False,Adolescent,Middle,Adventurous,Older,,EggShell,,Economy,Excellent,FiftyThou,False,Expert,False,Thousand,False,FiveThou,Rural,False,Thousand,Thousand,False,Thousand,Poor,False,Thousand,One
False,Senior,Prole,Cautious,Older,Mild,EggShell,Mild,,Poor,FiveThou,False,SubStandard,True,Thousand,False,,City,True,Thousand,Thousand,False,,Poor,False,Thousand,Many
True,,Middle,Normal,Older,Mild,EggShell,,SportsCar,Poor,,False,SubStandard,False,Thousand,False,FiveThou,Secure,True,TenThou,Thousand,True,,Poor,False,Thousand,
False,Adult,Prole,Normal,Older,,EggShell,,Economy,Excellent,FiveThou,False,Expert,False,Thousand,False,TenThou,City,True,TenThou,,False,Thousand,Poor,True,Thousand,Zero
False,Adolescent,Middle,Adventurous,Older,,Football,,,Excellent,Domino,False,Normal,False,Thousand,False,FiveThou,,False,,Thousand,True,Thousand,Good,True,Thousand,Zero
False,Adult,Prole,,Older,,Tank,,,Normal,TwentyThou,False,Normal,False,,False,FiveThou,City,True,Thousand,Thousand,False,Thousand,,False,Thousand,Zero
False,Adult,,Adventurous,Current,,Football,,Luxury,Excellent,FiftyThou,True,Normal,False,Thousand,False,FiftyThou,City,False,TenThou,Thousand,True,Thousand,Good,True,Thousand,
False,Adult,,Adventurous,Older,Moderate,,Mild,Economy,Poor,FiveThou,False,,False,TenThou,False,,City,False,TenThou,Thousand,False,Thousand,Poor,False,,
False,Adult,Middle,Normal,Current,,,,FamilySedan,Poor,,False,,False,Thousand,False,TwentyThou,Suburb,False,TenThou,Thousand,True,Thousand,Good,True,Thousand,
False,Adult,Prole,Normal,Older,,Football,,FamilySedan,Normal,TwentyThou,False,Normal,False,Thousand,False,FiveThou,City,False,Thousand,,True,Thousand,Fair,False,,Zero
False,Adult,UpperMiddle,,Current,,,,Luxury,Normal,TwentyThou,True,Normal,False,Thousand,False,FiftyThou,Secure,True,Thousand,Thousand,True,Thousand,Excellent,True,Thousand,One
False,Adult,,Cautious,Older,,Football,,FamilySedan,Normal,TwentyThou,False,,False,Thousand,False,FiveThou,Secure,True,Thousand,,False,Thousand,Fair,False,Thousand,One
False,Adult,,Adventurous,Older,,EggShell,,SportsCar,Excellent,,False,Normal,False,Thousand,False,TenThou,,False,Thousand,Thousand,True,Thousand,Poor,False,Thousand,Zero
False,Adult,Middle,Normal,Older,,EggShell,,SportsCar,Normal,TwentyThou,False,,False,Thousand,False,TenThou,Suburb,False,Thousand,Thousand,True,Thousand,Poor,False,Thousand,Many
False,Adult,Prole,Normal,Current,,EggShell,,SportsCar,Normal,TwentyThou,True,Normal,False,Thousand,False,,Suburb,False,Thousand,Thousand,False,Thousand,Poor,True,Thousand,Zero
False,Adult,Prole,Normal,Older,Mild,Football,Mild,Economy,Poor,TwentyThou,False,,False,Thousand,False,FiveThou,City,False,Thousand,Thousand,False,Thousand,Good,True,Thousand,Many
False,Adult,UpperMiddle,Normal,Current,,Tank,,Luxury,,FiftyThou,True,Normal,False,Thousand,False,FiftyThou,Rural,True,TenThou,Thousand,True,Thousand,Excellent,True,Thousand,Zero
False,Adult,,,,,,Moderate,Economy,Poor,FiftyThou,False,SubStandard,False,TenThou,False,FiveThou,,False,TenThou,Thousand,True,Thousand,Poor,False,Thousand,Many
False,,Middle,Adventurous,Current,Severe,EggShell,Severe,FamilySedan,Poor,TwentyThou,False,SubStandard,False,HundredThou,False,TwentyThou,Rural,False,HundredThou,,True,TenThou,Poor,True,Thousand,Many
False,,Prole,Normal,Current,,EggShell,,Economy,Normal,TwentyThou,False,Normal,False,Thousand,False,TwentyThou,City,False,,,True,Thousand,Fair,True,,Zero
False,Adult,Prole,Adventurous,,Mild,Football,Mild,FamilySedan,Poor,TwentyThou,False,SubStandard,False,Thousand,False,TenThou,City,False,TenThou,Thousand,False,Thousand,Fair,False,Thousand,Many
False,Adult,,Normal,Older,,EggShell,,Economy,Normal,FiveThou,False,Normal,False,Thousand,False,TenThou,City,False,Thousand,Thousand,False,Thousand,Poor,False,Thousand,Zero
False,Senior,,,Older,,,,SportsCar,Normal,TwentyThou,False,Normal,True,Thousand,False,TenThou,City,True,Thousand,Thousand,False,Thousand,Fair,False,Thousand,Zero
True,Adolescent,UpperMiddle,Normal,Current,,Football,,Luxury,,TwentyThou,True,Normal,False,Thousand,False,FiftyThou,,False,Thousand,Thousand,True,Thousand,Good,True,Thousand,
False,Adult,Prole,Cautious,Older,,,,SportsCar,Normal,TwentyThou,True,Normal,False,,False,FiveThou,City,True,,Thousand,True,Thousand,Poor,False,Thousand,
False,Adult,Prole,,Current,,Football,,Economy,,TwentyThou,False,Normal,False,Thousand,False,FiveThou,Rural,False,,Thousand,True,Thousand,Good,True,Thousand,One
False,Adult,Prole,Adventurous,,,Football,,FamilySedan,Normal,,False,Normal,False,Thousand,False,TenThou,City,False,Thousand,Thousand,True,,Excellent,True,,Many
False,Senior,Prole,Normal,Older,,Tank,,FamilySedan,,TwentyThou,False,Normal,False,Thousand,False,TenThou,City,False,Thousand,Thousand,False,Thousand,Good,False,Thousand,
False,Adult,Middle,Normal,Older,,Tank,,FamilySedan,Normal,FiftyThou,False,Normal,False,Thousand,False,TenThou,Suburb,True,Thousand,Thousand,True,Thousand,Excellent,False,Thousand,
False,Adult,Middle,Normal,Older,,Football,,FamilySedan,Poor,TwentyThou,False,SubStandard,False,Thousand,False,TwentyThou,Suburb,False,,Thousand,False,Thousand,Good,True,Thousand,Zero
False,Adult,Prole,Normal,Older,,Tank,,SportsCar,Normal,TwentyThou,False,Normal,False,Thousand,False,TwentyThou,City,False,,Thousand,False,,Good,False,Thousand,
False,Adolescent,UpperMiddle,Normal,,,,,Luxury,Normal,,False,Normal,False,Thousand,False,TenThou,,True,Thousand,Thousand,True,Thousand,Excellent,True,Thousand,Zero
False,Adult,Prole,Adventurous,,,EggShell,,Economy,Poor,FiveThou,False,Normal,False,Thousand,False,,City,False,Thousand,Thousand,True,Thousand,Fair,False,,Zero
False,Adult,,Adventurous,Current,,EggShell,,Economy,Normal,,False,,False,Thousand,False,TenThou,,False,Thousand,,False,Thousand,,True,Thousand,Zero
False,Adult,UpperMiddle,Cautious,,,Football,,Luxury,Normal,FiftyThou,True,Normal,False,,False,FiftyThou,Secure,True,Thousand,,True,Thousand,Good,True,Thousand,Zero
False,Adult,Middle,Normal,Current,Severe,EggShell,Severe,FamilySedan,Poor,TwentyThou,False,SubStandard,False,HundredThou,False,TwentyThou,,False,HundredThou,TenThou,True,Thousand,Good,True,Thousand,One
False,Adolescent,,Normal,Current,,Football,,Luxury,Normal,TwentyThou,True,Normal,False,Thousand,False,,Suburb,True,Thousand,Thousand,True,Thousand,Excellent,True,Thousand,Zero
False,Adult,UpperMiddle,Adventurous,Current,,EggShell,,SportsCar,Excellent,Domino,False,Normal,False,Thousand,False,TwentyThou,,False,Thousand,Thousand,True,Thousand,Good,True,Thousand,Many
False,Adult,Prole,Cautious,Older,Severe,EggShell,,,Poor,FiftyThou,False,SubStandard,False,TenThou,False,FiveThou,City,True,TenThou,TenThou,False,,Fair,False,Thousand,One
False,Senior,,Cautious,Older,,EggShell,,Economy,Excellent,,False,Normal,True,Thousand,False,FiveThou,Rural,True,TenThou,Thousand,True,Thousand,Fair,False,Thousand,Zero
